{
	"format_version": "1.21.6",
	"credit": "Created by Mickey Joe and CYKLOPPS for the Barely Default Datapack",
	"textures": {
		"particle": "barely_default:item/confetti_cannon/confetti_tome"
	},
	"elements": [
		{
			"from": [7, 0, 3],
			"to": [9, 1, 13],
			"rotation": {"angle": 0, "axis": "y", "origin": [7, 0, 3]},
			"faces": {
				"north": {"uv": [0, 9, 2, 10], "texture": "#particle"},
				"east": {"uv": [0, 10, 1, 0], "rotation": 90, "texture": "#particle"},
				"south": {"uv": [2, 0, 0, 1], "texture": "#particle"},
				"west": {"uv": [1, 0, 2, 10], "rotation": 90, "texture": "#particle"},
				"up": {"uv": [2, 10, 0, 0], "texture": "#particle"},
				"down": {"uv": [2, 0, 0, 10], "texture": "#particle"}
			}
		},
		{
			"from": [3, 1, 4],
			"to": [8, 2, 12],
			"rotation": {"angle": -17.5, "axis": "z", "origin": [8, 2, 8]},
			"faces": {
				"north": {"uv": [15, 0, 16, 5], "rotation": 90, "texture": "#particle"},
				"east": {"uv": [8, 4, 16, 5], "texture": "#particle"},
				"south": {"uv": [8, 5, 9, 0], "rotation": 90, "texture": "#particle"},
				"west": {"uv": [16, 4, 8, 5], "texture": "#particle"},
				"up": {"uv": [16, 5, 8, 0], "rotation": 90, "texture": "#particle"},
				"down": {"uv": [8, 5, 16, 0], "rotation": 90, "texture": "#particle"}
			}
		},
		{
			"from": [8, 1, 4],
			"to": [13, 2, 12],
			"rotation": {"angle": 17.5, "axis": "z", "origin": [8, 2, 8]},
			"faces": {
				"north": {"uv": [15, 5, 16, 0], "rotation": 90, "texture": "#particle"},
				"east": {"uv": [8, 4, 16, 5], "texture": "#particle"},
				"south": {"uv": [8, 0, 9, 5], "rotation": 90, "texture": "#particle"},
				"west": {"uv": [16, 4, 8, 5], "texture": "#particle"},
				"up": {"uv": [16, 0, 8, 5], "rotation": 90, "texture": "#particle"},
				"down": {"uv": [8, 0, 16, 5], "rotation": 90, "texture": "#particle"}
			}
		},
		{
			"from": [3, 2, 4],
			"to": [8, 2, 12],
			"rotation": {"angle": -30, "axis": "z", "origin": [8, 2, 8]},
			"faces": {
				"north": {"uv": [15, 5, 16, 10], "rotation": 90, "texture": "#particle"},
				"east": {"uv": [8, 9, 16, 10], "texture": "#particle"},
				"south": {"uv": [8, 10, 9, 5], "rotation": 90, "texture": "#particle"},
				"west": {"uv": [16, 5, 8, 6], "texture": "#particle"},
				"up": {"uv": [16, 10, 8, 5], "rotation": 90, "texture": "#particle"},
				"down": {"uv": [8, 5, 16, 0], "rotation": 90, "texture": "#particle"}
			}
		},
		{
			"from": [8, 2, 4],
			"to": [13, 2, 12],
			"rotation": {"angle": 30, "axis": "z", "origin": [8, 2, 8]},
			"faces": {
				"north": {"uv": [15, 15, 16, 10], "rotation": 90, "texture": "#particle"},
				"east": {"uv": [8, 10, 16, 11], "texture": "#particle"},
				"south": {"uv": [8, 10, 9, 15], "rotation": 90, "texture": "#particle"},
				"west": {"uv": [16, 14, 8, 15], "texture": "#particle"},
				"up": {"uv": [16, 10, 8, 15], "rotation": 90, "texture": "#particle"},
				"down": {"uv": [8, 0, 16, 5], "rotation": 90, "texture": "#particle"}
			}
		},
		{
			"from": [1, 0, 3],
			"to": [7, 1, 13],
			"rotation": {"angle": -20, "axis": "z", "origin": [7, 1, 8]},
			"faces": {
				"north": {"uv": [2, 9, 8, 10], "texture": "#particle"},
				"east": {"uv": [2, 10, 3, 0], "rotation": 90, "texture": "#particle"},
				"south": {"uv": [8, 0, 2, 1], "texture": "#particle"},
				"west": {"uv": [7, 0, 8, 10], "rotation": 90, "texture": "#particle"},
				"up": {"uv": [8, 10, 2, 0], "texture": "#particle"},
				"down": {"uv": [8, 0, 2, 10], "texture": "#particle"}
			}
		},
		{
			"from": [9, 0, 3],
			"to": [15, 1, 13],
			"rotation": {"angle": 20, "axis": "z", "origin": [9, 1, 8]},
			"faces": {
				"north": {"uv": [8, 9, 2, 10], "texture": "#particle"},
				"east": {"uv": [7, 10, 8, 0], "rotation": 90, "texture": "#particle"},
				"south": {"uv": [2, 0, 8, 1], "texture": "#particle"},
				"west": {"uv": [2, 0, 3, 10], "rotation": 90, "texture": "#particle"},
				"up": {"uv": [2, 10, 8, 0], "texture": "#particle"},
				"down": {"uv": [2, 0, 8, 10], "texture": "#particle"}
			}
		}
	],
	"gui_light": "front",
	"display": {
		"thirdperson_righthand": {
			"rotation": [67, 0, 16],
			"translation": [-1.75, 6.25, 5.25],
			"scale": [0.85, 0.85, 0.85]
		},
		"thirdperson_lefthand": {
			"rotation": [67, 0, 16],
			"translation": [-1.75, 6.25, 5.25],
			"scale": [0.85, 0.85, 0.85]
		},
		"firstperson_righthand": {
			"rotation": [26, -20, 17],
			"translation": [3.5, 4.85, -1.2],
			"scale": [0.68, 0.68, 0.68]
		},
		"firstperson_lefthand": {
			"rotation": [26, -20, 17],
			"translation": [3.5, 4.85, -1.2],
			"scale": [0.68, 0.68, 0.68]
		},
		"ground": {
			"translation": [0, 3.25, 0],
			"scale": [0.5, 0.5, 0.5]
		},
		"gui": {
			"rotation": [65, 10, -35],
			"translation": [3.7, 3.25, 0],
			"scale": [1.18, 1.18, 1.18]
		},
		"head": {
			"translation": [0, 14.5, 0]
		},
		"fixed": {
			"rotation": [-85, 0, 0],
			"translation": [0, 1.5, -15],
			"scale": [2, 2, 2]
		}
	}
}