{
	"format_version": "1.21.6",
	"credit": "Created by Mickey Joe and CYKLOPPS for the Barely Default Datapack",
	"texture_size": [32, 32],
	"textures": {
		"particle": "barely_default:item/confetti_cannon/confetti_staff"
	},
	"elements": [
		{
			"name": "confetti_staff_3",
			"from": [7.5, 16, -1],
			"to": [8.5, 19, 0],
			"rotation": {"angle": 0, "axis": "y", "origin": [7.5, -4, 21]},
			"faces": {
				"north": {"uv": [10.5, 4.5, 11, 6], "texture": "#particle"},
				"east": {"uv": [10.5, 4.5, 11, 6], "texture": "#particle"},
				"south": {"uv": [10.5, 4.5, 11, 6], "texture": "#particle"},
				"west": {"uv": [11, 4.5, 10.5, 6], "texture": "#particle"},
				"up": {"uv": [10.5, 4.5, 11, 5], "rotation": 270, "texture": "#particle"},
				"down": {"uv": [10.5, 5.5, 11, 6], "rotation": 90, "texture": "#particle"}
			}
		},
		{
			"name": "confetti_staff_4",
			"from": [7.5, 15, 0],
			"to": [8.5, 18, 1],
			"rotation": {"angle": 0, "axis": "y", "origin": [7.5, -4, 21]},
			"faces": {
				"north": {"uv": [10, 5, 10.5, 6.5], "texture": "#particle"},
				"east": {"uv": [10, 5, 10.5, 6.5], "texture": "#particle"},
				"south": {"uv": [10, 5, 10.5, 6.5], "texture": "#particle"},
				"west": {"uv": [10.5, 5, 10, 6.5], "texture": "#particle"},
				"up": {"uv": [10, 5, 10.5, 5.5], "rotation": 270, "texture": "#particle"},
				"down": {"uv": [10, 6, 10.5, 6.5], "rotation": 90, "texture": "#particle"}
			}
		},
		{
			"name": "confetti_staff_5",
			"from": [7.5, 17, -2],
			"to": [8.5, 18, -1],
			"rotation": {"angle": 0, "axis": "y", "origin": [7.5, -4, 21]},
			"faces": {
				"north": {"uv": [11, 5, 11.5, 5.5], "texture": "#particle"},
				"east": {"uv": [11, 5, 11.5, 5.5], "texture": "#particle"},
				"west": {"uv": [11.5, 5, 11, 5.5], "texture": "#particle"},
				"up": {"uv": [11, 5, 11.5, 5.5], "rotation": 270, "texture": "#particle"},
				"down": {"uv": [11, 5, 11.5, 5.5], "rotation": 90, "texture": "#particle"}
			}
		},
		{
			"name": "confetti_staff_6",
			"from": [7.5, 14, 1],
			"to": [8.5, 17, 2],
			"rotation": {"angle": 0, "axis": "y", "origin": [7.5, -4, 21]},
			"faces": {
				"north": {"uv": [9.5, 5.5, 10, 7], "texture": "#particle"},
				"east": {"uv": [9.5, 5.5, 10, 7], "texture": "#particle"},
				"south": {"uv": [9.5, 5.5, 10, 7], "texture": "#particle"},
				"west": {"uv": [10, 5.5, 9.5, 7], "texture": "#particle"},
				"up": {"uv": [9.5, 5.5, 10, 6], "rotation": 270, "texture": "#particle"},
				"down": {"uv": [9.5, 6.5, 10, 7], "rotation": 90, "texture": "#particle"}
			}
		},
		{
			"name": "confetti_staff_7",
			"from": [7.5, 13, 2],
			"to": [8.5, 16, 3],
			"rotation": {"angle": 0, "axis": "y", "origin": [7.5, -4, 21]},
			"faces": {
				"north": {"uv": [9, 6, 9.5, 7.5], "texture": "#particle"},
				"east": {"uv": [9, 6, 9.5, 7.5], "texture": "#particle"},
				"south": {"uv": [9, 6, 9.5, 7.5], "texture": "#particle"},
				"west": {"uv": [9.5, 6, 9, 7.5], "texture": "#particle"},
				"up": {"uv": [9, 6, 9.5, 6.5], "rotation": 270, "texture": "#particle"},
				"down": {"uv": [9, 7, 9.5, 7.5], "rotation": 90, "texture": "#particle"}
			}
		},
		{
			"name": "confetti_staff_8",
			"from": [7.5, 12, 3],
			"to": [8.5, 15, 4],
			"rotation": {"angle": 0, "axis": "y", "origin": [7.5, -4, 21]},
			"faces": {
				"north": {"uv": [8.5, 6.5, 9, 8], "texture": "#particle"},
				"east": {"uv": [8.5, 6.5, 9, 8], "texture": "#particle"},
				"south": {"uv": [8.5, 6.5, 9, 8], "texture": "#particle"},
				"west": {"uv": [9, 6.5, 8.5, 8], "texture": "#particle"},
				"up": {"uv": [8.5, 6.5, 9, 7], "rotation": 270, "texture": "#particle"},
				"down": {"uv": [8.5, 7.5, 9, 8], "rotation": 90, "texture": "#particle"}
			}
		},
		{
			"name": "confetti_staff_9",
			"from": [7.5, 11, 4],
			"to": [8.5, 14, 5],
			"rotation": {"angle": 0, "axis": "y", "origin": [7.5, -4, 21]},
			"faces": {
				"north": {"uv": [8, 7, 8.5, 8.5], "texture": "#particle"},
				"east": {"uv": [8, 7, 8.5, 8.5], "texture": "#particle"},
				"south": {"uv": [8, 7, 8.5, 8.5], "texture": "#particle"},
				"west": {"uv": [8.5, 7, 8, 8.5], "texture": "#particle"},
				"up": {"uv": [8, 7, 8.5, 7.5], "rotation": 270, "texture": "#particle"},
				"down": {"uv": [8, 8, 8.5, 8.5], "rotation": 90, "texture": "#particle"}
			}
		},
		{
			"name": "confetti_staff_10",
			"from": [7.5, 10, 5],
			"to": [8.5, 13, 6],
			"rotation": {"angle": 0, "axis": "y", "origin": [7.5, -4, 21]},
			"faces": {
				"north": {"uv": [7.5, 7.5, 8, 9], "texture": "#particle"},
				"east": {"uv": [7.5, 7.5, 8, 9], "texture": "#particle"},
				"south": {"uv": [7.5, 7.5, 8, 9], "texture": "#particle"},
				"west": {"uv": [8, 7.5, 7.5, 9], "texture": "#particle"},
				"up": {"uv": [7.5, 7.5, 8, 8], "rotation": 270, "texture": "#particle"},
				"down": {"uv": [7.5, 8.5, 8, 9], "rotation": 90, "texture": "#particle"}
			}
		},
		{
			"name": "confetti_staff_11",
			"from": [7.5, 9, 6],
			"to": [8.5, 12, 7],
			"rotation": {"angle": 0, "axis": "y", "origin": [7.5, -4, 21]},
			"faces": {
				"north": {"uv": [7, 8, 7.5, 9.5], "texture": "#particle"},
				"east": {"uv": [7, 8, 7.5, 9.5], "texture": "#particle"},
				"south": {"uv": [7, 8, 7.5, 9.5], "texture": "#particle"},
				"west": {"uv": [7.5, 8, 7, 9.5], "texture": "#particle"},
				"up": {"uv": [7, 8, 7.5, 8.5], "rotation": 270, "texture": "#particle"},
				"down": {"uv": [7, 9, 7.5, 9.5], "rotation": 90, "texture": "#particle"}
			}
		},
		{
			"name": "confetti_staff_12",
			"from": [7.5, 8, 7],
			"to": [8.5, 11, 8],
			"rotation": {"angle": 0, "axis": "y", "origin": [7.5, -4, 21]},
			"faces": {
				"north": {"uv": [6.5, 8.5, 7, 10], "texture": "#particle"},
				"east": {"uv": [6.5, 8.5, 7, 10], "texture": "#particle"},
				"south": {"uv": [6.5, 8.5, 7, 10], "texture": "#particle"},
				"west": {"uv": [7, 8.5, 6.5, 10], "texture": "#particle"},
				"up": {"uv": [6.5, 8.5, 7, 9], "rotation": 270, "texture": "#particle"},
				"down": {"uv": [6.5, 9.5, 7, 10], "rotation": 90, "texture": "#particle"}
			}
		},
		{
			"name": "confetti_staff_13",
			"from": [7.5, 7, 8],
			"to": [8.5, 10, 9],
			"rotation": {"angle": 0, "axis": "y", "origin": [7.5, -4, 21]},
			"faces": {
				"north": {"uv": [6, 9, 6.5, 10.5], "texture": "#particle"},
				"east": {"uv": [6, 9, 6.5, 10.5], "texture": "#particle"},
				"south": {"uv": [6, 9, 6.5, 10.5], "texture": "#particle"},
				"west": {"uv": [6.5, 9, 6, 10.5], "texture": "#particle"},
				"up": {"uv": [6, 9, 6.5, 9.5], "rotation": 270, "texture": "#particle"},
				"down": {"uv": [6, 10, 6.5, 10.5], "rotation": 90, "texture": "#particle"}
			}
		},
		{
			"name": "confetti_staff_14",
			"from": [7.5, 6, 9],
			"to": [8.5, 9, 10],
			"rotation": {"angle": 0, "axis": "y", "origin": [7.5, -4, 21]},
			"faces": {
				"north": {"uv": [5.5, 9.5, 6, 11], "texture": "#particle"},
				"east": {"uv": [5.5, 9.5, 6, 11], "texture": "#particle"},
				"south": {"uv": [5.5, 9.5, 6, 11], "texture": "#particle"},
				"west": {"uv": [6, 9.5, 5.5, 11], "texture": "#particle"},
				"up": {"uv": [5.5, 9.5, 6, 10], "rotation": 270, "texture": "#particle"},
				"down": {"uv": [5.5, 10.5, 6, 11], "rotation": 90, "texture": "#particle"}
			}
		},
		{
			"name": "confetti_staff_15",
			"from": [7.5, 5, 10],
			"to": [8.5, 8, 11],
			"rotation": {"angle": 0, "axis": "y", "origin": [7.5, -4, 21]},
			"faces": {
				"north": {"uv": [5, 10, 5.5, 11.5], "texture": "#particle"},
				"east": {"uv": [5, 10, 5.5, 11.5], "texture": "#particle"},
				"south": {"uv": [5, 10, 5.5, 11.5], "texture": "#particle"},
				"west": {"uv": [5.5, 10, 5, 11.5], "texture": "#particle"},
				"up": {"uv": [5, 10, 5.5, 10.5], "rotation": 270, "texture": "#particle"},
				"down": {"uv": [5, 11, 5.5, 11.5], "rotation": 90, "texture": "#particle"}
			}
		},
		{
			"name": "confetti_staff_16",
			"from": [7.5, 4, 11],
			"to": [8.5, 7, 12],
			"rotation": {"angle": 0, "axis": "y", "origin": [7.5, -4, 21]},
			"faces": {
				"north": {"uv": [4.5, 10.5, 5, 12], "texture": "#particle"},
				"east": {"uv": [4.5, 10.5, 5, 12], "texture": "#particle"},
				"south": {"uv": [4.5, 10.5, 5, 12], "texture": "#particle"},
				"west": {"uv": [5, 10.5, 4.5, 12], "texture": "#particle"},
				"up": {"uv": [4.5, 10.5, 5, 11], "rotation": 270, "texture": "#particle"},
				"down": {"uv": [4.5, 11.5, 5, 12], "rotation": 90, "texture": "#particle"}
			}
		},
		{
			"name": "confetti_staff_17",
			"from": [7.5, 3, 12],
			"to": [8.5, 6, 13],
			"rotation": {"angle": 0, "axis": "y", "origin": [7.5, -4, 21]},
			"faces": {
				"north": {"uv": [4, 11, 4.5, 12.5], "texture": "#particle"},
				"east": {"uv": [4, 11, 4.5, 12.5], "texture": "#particle"},
				"south": {"uv": [4, 11, 4.5, 12.5], "texture": "#particle"},
				"west": {"uv": [4.5, 11, 4, 12.5], "texture": "#particle"},
				"up": {"uv": [4, 11, 4.5, 11.5], "rotation": 270, "texture": "#particle"},
				"down": {"uv": [4, 12, 4.5, 12.5], "rotation": 90, "texture": "#particle"}
			}
		},
		{
			"name": "confetti_staff_18",
			"from": [7.5, 2, 13],
			"to": [8.5, 5, 14],
			"rotation": {"angle": 0, "axis": "y", "origin": [7.5, -4, 21]},
			"faces": {
				"north": {"uv": [3.5, 11.5, 4, 13], "texture": "#particle"},
				"east": {"uv": [3.5, 11.5, 4, 13], "texture": "#particle"},
				"south": {"uv": [3.5, 11.5, 4, 13], "texture": "#particle"},
				"west": {"uv": [4, 11.5, 3.5, 13], "texture": "#particle"},
				"up": {"uv": [3.5, 11.5, 4, 12], "rotation": 270, "texture": "#particle"},
				"down": {"uv": [3.5, 12.5, 4, 13], "rotation": 90, "texture": "#particle"}
			}
		},
		{
			"name": "confetti_staff_19",
			"from": [7.5, 1, 14],
			"to": [8.5, 4, 15],
			"rotation": {"angle": 0, "axis": "y", "origin": [7.5, -4, 21]},
			"faces": {
				"north": {"uv": [3, 12, 3.5, 13.5], "texture": "#particle"},
				"east": {"uv": [3, 12, 3.5, 13.5], "texture": "#particle"},
				"south": {"uv": [3, 12, 3.5, 13.5], "texture": "#particle"},
				"west": {"uv": [3.5, 12, 3, 13.5], "texture": "#particle"},
				"up": {"uv": [3, 12, 3.5, 12.5], "rotation": 270, "texture": "#particle"},
				"down": {"uv": [3, 13, 3.5, 13.5], "rotation": 90, "texture": "#particle"}
			}
		},
		{
			"name": "confetti_staff_20",
			"from": [7.5, 0, 15],
			"to": [8.5, 3, 16],
			"rotation": {"angle": 0, "axis": "y", "origin": [7.5, -4, 21]},
			"faces": {
				"north": {"uv": [2.5, 12.5, 3, 14], "texture": "#particle"},
				"east": {"uv": [2.5, 12.5, 3, 14], "texture": "#particle"},
				"south": {"uv": [2.5, 12.5, 3, 14], "texture": "#particle"},
				"west": {"uv": [3, 12.5, 2.5, 14], "texture": "#particle"},
				"up": {"uv": [2.5, 12.5, 3, 13], "rotation": 270, "texture": "#particle"},
				"down": {"uv": [2.5, 13.5, 3, 14], "rotation": 90, "texture": "#particle"}
			}
		},
		{
			"name": "confetti_staff_21",
			"from": [7.5, -1, 16],
			"to": [8.5, 2, 17],
			"rotation": {"angle": 0, "axis": "y", "origin": [7.5, -4, 21]},
			"faces": {
				"north": {"uv": [2, 13, 2.5, 14.5], "texture": "#particle"},
				"east": {"uv": [2, 13, 2.5, 14.5], "texture": "#particle"},
				"south": {"uv": [2, 13, 2.5, 14.5], "texture": "#particle"},
				"west": {"uv": [2.5, 13, 2, 14.5], "texture": "#particle"},
				"up": {"uv": [2, 13, 2.5, 13.5], "rotation": 270, "texture": "#particle"},
				"down": {"uv": [2, 14, 2.5, 14.5], "rotation": 90, "texture": "#particle"}
			}
		},
		{
			"name": "confetti_staff_22",
			"from": [7.5, -2, 17],
			"to": [8.5, 1, 18],
			"rotation": {"angle": 0, "axis": "y", "origin": [7.5, -4, 21]},
			"faces": {
				"north": {"uv": [1.5, 13.5, 2, 15], "texture": "#particle"},
				"east": {"uv": [1.5, 13.5, 2, 15], "texture": "#particle"},
				"south": {"uv": [1.5, 13.5, 2, 15], "texture": "#particle"},
				"west": {"uv": [2, 13.5, 1.5, 15], "texture": "#particle"},
				"up": {"uv": [1.5, 13.5, 2, 14], "rotation": 270, "texture": "#particle"},
				"down": {"uv": [1.5, 14.5, 2, 15], "rotation": 90, "texture": "#particle"}
			}
		},
		{
			"name": "confetti_staff_23",
			"from": [7.5, -3, 18],
			"to": [8.5, 0, 19],
			"rotation": {"angle": 0, "axis": "y", "origin": [7.5, -4, 21]},
			"faces": {
				"north": {"uv": [1, 14, 1.5, 15.5], "texture": "#particle"},
				"east": {"uv": [1, 14, 1.5, 15.5], "texture": "#particle"},
				"south": {"uv": [1, 14, 1.5, 15.5], "texture": "#particle"},
				"west": {"uv": [1.5, 14, 1, 15.5], "texture": "#particle"},
				"up": {"uv": [1, 14, 1.5, 14.5], "rotation": 270, "texture": "#particle"},
				"down": {"uv": [1, 15, 1.5, 15.5], "rotation": 90, "texture": "#particle"}
			}
		},
		{
			"name": "confetti_staff_24",
			"from": [7.5, -4, 19],
			"to": [8.5, -1, 20],
			"rotation": {"angle": 0, "axis": "y", "origin": [7.5, -4, 21]},
			"faces": {
				"north": {"uv": [0.5, 14.5, 1, 16], "texture": "#particle"},
				"east": {"uv": [0.5, 14.5, 1, 16], "texture": "#particle"},
				"south": {"uv": [0.5, 14.5, 1, 16], "texture": "#particle"},
				"west": {"uv": [1, 14.5, 0.5, 16], "texture": "#particle"},
				"up": {"uv": [0.5, 14.5, 1, 15], "rotation": 270, "texture": "#particle"},
				"down": {"uv": [0.5, 15.5, 1, 16], "rotation": 90, "texture": "#particle"}
			}
		},
		{
			"name": "confetti_staff_25",
			"from": [7.5, -4, 20],
			"to": [8.5, -2, 21],
			"rotation": {"angle": 0, "axis": "y", "origin": [7.5, -4, 21]},
			"faces": {
				"east": {"uv": [0, 15, 0.5, 16], "texture": "#particle"},
				"south": {"uv": [0, 15, 0.5, 16], "texture": "#particle"},
				"west": {"uv": [0.5, 15, 0, 16], "texture": "#particle"},
				"up": {"uv": [0, 15, 0.5, 15.5], "rotation": 270, "texture": "#particle"},
				"down": {"uv": [0, 15.5, 0.5, 16], "rotation": 90, "texture": "#particle"}
			}
		},
		{
			"from": [6, 18, -3],
			"to": [10, 25, 1],
			"rotation": {"angle": -45, "axis": "x", "origin": [8, 18, -1]},
			"faces": {
				"north": {"uv": [14, 16, 16, 12.5], "texture": "#particle"},
				"east": {"uv": [14, 12.5, 16, 16], "texture": "#particle"},
				"south": {"uv": [14, 16, 16, 12.5], "texture": "#particle"},
				"west": {"uv": [14, 12.5, 16, 16], "texture": "#particle"},
				"up": {"uv": [16, 10.5, 14, 8.5], "texture": "#particle"},
				"down": {"uv": [16, 10.5, 14, 12.5], "texture": "#particle"}
			}
		},
		{
			"from": [8, 21.67462, -12.17462],
			"to": [8, 28.67462, -5.17462],
			"rotation": {"angle": 0, "axis": "x", "origin": [8, 25.17462, -8.67462]},
			"faces": {
				"east": {"uv": [12.5, 0, 16, 3.5], "texture": "#particle"},
				"west": {"uv": [16, 0, 12.5, 3.5], "texture": "#particle"}
			}
		}
	],
	"gui_light": "front",
	"display": {
		"thirdperson_righthand": {
			"rotation": [42, 0, 0],
			"translation": [0, -4, 1.5],
			"scale": [0.85, 0.85, 0.85]
		},
		"thirdperson_lefthand": {
			"rotation": [42, 0, 0],
			"translation": [0, -4, 1.5],
			"scale": [0.85, 0.85, 0.85]
		},
		"firstperson_righthand": {
			"rotation": [-79, -172, 21],
			"translation": [4.88, 0.7, 0.88],
			"scale": [0.68, 0.68, 0.68]
		},
		"firstperson_lefthand": {
			"rotation": [-79, -172, 21],
			"translation": [4.88, 0.7, 0.88],
			"scale": [0.68, 0.68, 0.68]
		},
		"ground": {
			"translation": [0, 7, 1.5],
			"scale": [0.62, 0.62, 0.62]
		},
		"gui": {
			"rotation": [90, -4, -64],
			"translation": [-1.75, -1.5, 0],
			"scale": [0.54, 0.54, 0.54]
		},
		"fixed": {
			"rotation": [-90, 90, 86],
			"translation": [2, -2.75, -1]
		}
	}
}