{
	"credit": "Created by Mickey Joe and CYKLOPPS for the Barely Default Datapack",
	"textures": {
		"particle": "barely_default:item/confetti_cannon/confetti_cannon_0",
		"barrel": "barely_default:item/confetti_cannon/confetti_cannon_1"
	},
	"elements": [
		{
			"name": "party_popper_0",
			"from": [7.5, 2, 5],
			"to": [8.5, 5, 6],
			"rotation": {"angle": 0, "axis": "y", "origin": [8, 2, 9]},
			"faces": {
				"north": {"uv": [0, 11, 1, 14], "texture": "#particle"},
				"east": {"uv": [1, 11, 0, 14], "texture": "#particle"},
				"south": {"uv": [0, 11, 1, 14], "texture": "#particle"},
				"west": {"uv": [0, 11, 1, 14], "texture": "#particle"},
				"down": {"uv": [0, 13, 1, 14], "rotation": 270, "texture": "#particle"}
			}
		},
		{
			"name": "party_popper_1",
			"from": [7.5, 2, 7],
			"to": [8.5, 5, 12],
			"rotation": {"angle": 0, "axis": "y", "origin": [8, 2, 9]},
			"faces": {
				"north": {"uv": [2, 11, 3, 14], "texture": "#particle"},
				"east": {"uv": [7, 11, 2, 14], "texture": "#particle"},
				"south": {"uv": [6, 11, 7, 14], "texture": "#particle"},
				"west": {"uv": [2, 11, 7, 14], "texture": "#particle"},
				"down": {"uv": [2, 13, 7, 14], "rotation": 270, "texture": "#particle"}
			}
		},
		{
			"name": "party_popper_2",
			"from": [7.5, 2, 6],
			"to": [8.5, 3, 7],
			"rotation": {"angle": 0, "axis": "y", "origin": [8, 2, 9]},
			"faces": {
				"east": {"uv": [2, 13, 1, 14], "texture": "#particle"},
				"west": {"uv": [1, 13, 2, 14], "texture": "#particle"},
				"up": {"uv": [1, 13, 2, 14], "rotation": 90, "texture": "#particle"},
				"down": {"uv": [1, 13, 2, 14], "rotation": 270, "texture": "#particle"}
			}
		},
		{
			"name": "party_popper_3",
			"from": [7.5, 1, 12],
			"to": [8.5, 3, 13],
			"rotation": {"angle": 0, "axis": "y", "origin": [8, 2, 9]},
			"faces": {
				"east": {"uv": [8, 13, 7, 15], "texture": "#particle"},
				"south": {"uv": [7, 13, 8, 15], "texture": "#particle"},
				"west": {"uv": [7, 13, 8, 15], "texture": "#particle"},
				"up": {"uv": [7, 13, 8, 14], "rotation": 90, "texture": "#particle"},
				"down": {"uv": [7, 14, 8, 15], "rotation": 270, "texture": "#particle"}
			}
		},
		{
			"name": "party_popper_4",
			"from": [7.5, 1, 8],
			"to": [8.5, 2, 12],
			"rotation": {"angle": 0, "axis": "y", "origin": [8, 2, 9]},
			"faces": {
				"north": {"uv": [3, 14, 4, 15], "texture": "#particle"},
				"east": {"uv": [7, 14, 3, 15], "texture": "#particle"},
				"west": {"uv": [3, 14, 7, 15], "texture": "#particle"},
				"down": {"uv": [3, 14, 7, 15], "rotation": 270, "texture": "#particle"}
			}
		},
		{
			"name": "party_popper_5",
			"from": [7.5, 0, 9],
			"to": [8.5, 1, 12],
			"rotation": {"angle": 0, "axis": "y", "origin": [8, 2, 9]},
			"faces": {
				"north": {"uv": [4, 15, 5, 16], "texture": "#particle"},
				"east": {"uv": [7, 15, 4, 16], "texture": "#particle"},
				"south": {"uv": [6, 15, 7, 16], "texture": "#particle"},
				"west": {"uv": [4, 15, 7, 16], "texture": "#particle"},
				"down": {"uv": [4, 15, 7, 16], "rotation": 270, "texture": "#particle"}
			}
		},
		{
			"from": [6, 5, 5],
			"to": [10, 9, 12],
			"rotation": {"angle": 0, "axis": "y", "origin": [8, 5, 7]},
			"faces": {
				"east": {"uv": [8, 0, 15, 4], "texture": "#particle"},
				"south": {"uv": [8, 4, 12, 8], "texture": "#particle"},
				"west": {"uv": [15, 0, 8, 4], "texture": "#particle"},
				"up": {"uv": [0, 0, 4, 7], "texture": "#particle"},
				"down": {"uv": [4, 0, 8, 7], "texture": "#particle"}
			}
		},
		{
			"from": [10, 9, 6],
			"to": [6, 5, 2],
			"rotation": {"angle": 0, "axis": "y", "origin": [12, 9, 8]},
			"faces": {
				"north": {"uv": [0, 12, 4, 16], "texture": "#barrel"},
				"east": {"uv": [4, 12, 8, 16], "rotation": 180, "texture": "#barrel"},
				"west": {"uv": [4, 12, 8, 16], "texture": "#barrel"},
				"up": {"uv": [8, 16, 4, 12], "rotation": 270, "texture": "#barrel"},
				"down": {"uv": [4, 16, 8, 12], "rotation": 270, "texture": "#barrel"}
			}
		},
		{
			"from": [5, 4, 2],
			"to": [11, 10, 5],
			"rotation": {"angle": 0, "axis": "y", "origin": [6, 7, 3]},
			"faces": {
				"north": {"uv": [0, 3, 6, 9], "texture": "#barrel"},
				"east": {"uv": [9, 3, 6, 9], "texture": "#barrel"},
				"south": {"uv": [9, 3, 15, 9], "texture": "#barrel"},
				"west": {"uv": [6, 3, 9, 9], "texture": "#barrel"},
				"up": {"uv": [6, 3, 0, 0], "texture": "#barrel"},
				"down": {"uv": [12, 0, 6, 3], "texture": "#barrel"}
			}
		},
		{
			"from": [5, 7, 7],
			"to": [11, 12, 8],
			"rotation": {"angle": 22.5, "axis": "x", "origin": [8, 7.25, 7.5]},
			"faces": {
				"north": {"uv": [10, 11, 16, 16], "texture": "#barrel"},
				"east": {"uv": [10, 11, 11, 16], "texture": "#barrel"},
				"south": {"uv": [16, 11, 10, 16], "texture": "#barrel"},
				"west": {"uv": [15, 11, 16, 16], "texture": "#barrel"},
				"up": {"uv": [16, 12, 10, 11], "texture": "#barrel"},
				"down": {"uv": [16, 15, 10, 16], "texture": "#barrel"}
			}
		},
		{
			"from": [10, 11, 8],
			"to": [6, 7, 7],
			"rotation": {"angle": 22.5, "axis": "x", "origin": [8, 7.25, 7.5]},
			"faces": {
				"east": {"uv": [10, 16, 11, 12], "texture": "#barrel"},
				"west": {"uv": [15, 16, 16, 12], "texture": "#barrel"},
				"down": {"uv": [15, 11, 11, 12], "texture": "#barrel"}
			}
		}
	],
	"gui_light": "front",
	"display": {
		"thirdperson_righthand": {
			"translation": [0, 3.25, 1],
			"scale": [0.9, 0.9, 0.9]
		},
		"thirdperson_lefthand": {
			"translation": [0, 3.25, 1],
			"scale": [0.9, 0.9, 0.9]
		},
		"firstperson_righthand": {
			"rotation": [0, -15, 0],
			"translation": [1.13, 3.2, 1.13],
			"scale": [0.68, 0.68, 0.68]
		},
		"firstperson_lefthand": {
			"rotation": [0, -15, 0],
			"translation": [1.13, 3.2, 1.13],
			"scale": [0.68, 0.68, 0.68]
		},
		"ground": {
			"rotation": [45, 0, 0],
			"translation": [0, 4.75, 0],
			"scale": [0.5, 0.5, 0.5]
		},
		"gui": {
			"rotation": [147, 51, -118],
			"translation": [2, 1.75, 0],
			"scale": [1.27, 1.27, 1.27]
		},
		"head": {
			"translation": [0, 10.5, 0]
		},
		"fixed": {
			"rotation": [75, -45, 90],
			"translation": [-1.75, 1.5, -2.25]
		}
	}
}