{
	"credit": "Created by Mickey Joe and CYKLOPPS for the Barely Default Datapack",
	"texture_size": [32, 32],
	"textures": {
		"particle": "barely_default:item/confetti_cannon/confetti_blaster"
	},
	"elements": [
		{
			"from": [3, 0, 9],
			"to": [13, 9, 22],
			"rotation": {"angle": 0, "axis": "y", "origin": [7, 0, 9]},
			"faces": {
				"north": {"uv": [9.5, 0, 14.5, 4.5], "texture": "#particle"},
				"east": {"uv": [5, 6.5, 9.5, 0], "rotation": 90, "texture": "#particle"},
				"south": {"uv": [5, 2, 0, 6.5], "texture": "#particle"},
				"west": {"uv": [5, 0, 9.5, 6.5], "rotation": 90, "texture": "#particle"},
				"up": {"uv": [5, 6.5, 0, 0], "texture": "#particle"},
				"down": {"uv": [14.5, 0, 9.5, 6.5], "texture": "#particle"}
			}
		},
		{
			"from": [13, 9, 22],
			"to": [3, 0, 9],
			"rotation": {"angle": 0, "axis": "y", "origin": [17, 9, 22]},
			"faces": {
				"north": {"uv": [5, 6.5, 0, 2], "texture": "#particle"},
				"east": {"uv": [9.5, 0, 5, 6.5], "rotation": 90, "texture": "#particle"},
				"south": {"uv": [9.5, 1.5, 14.5, 6], "texture": "#particle"},
				"west": {"uv": [9.5, 6.5, 5, 0], "rotation": 90, "texture": "#particle"},
				"up": {"uv": [14.5, 6.5, 9.5, 0], "rotation": 180, "texture": "#particle"},
				"down": {"uv": [0, 6.5, 5, 0], "texture": "#particle"}
			}
		},
		{
			"from": [4, 1, 10],
			"to": [12, 8, 21],
			"rotation": {"angle": 0, "axis": "y", "origin": [7, 0, 9]},
			"faces": {
				"east": {"uv": [11.5, 12.5, 15, 7], "rotation": 90, "texture": "#particle"},
				"south": {"uv": [15.5, 7, 11.5, 10.5], "texture": "#particle"},
				"west": {"uv": [15.5, 7, 12, 12.5], "rotation": 90, "texture": "#particle"},
				"up": {"uv": [15.5, 12.5, 11.5, 7], "texture": "#particle"}
			}
		},
		{
			"from": [5, 1, 3],
			"to": [11, 7, 9],
			"rotation": {"angle": 0, "axis": "y", "origin": [9, 1, 7]},
			"faces": {
				"east": {"uv": [11, 9.5, 8, 12.5], "texture": "#particle"},
				"west": {"uv": [8, 9.5, 11, 12.5], "texture": "#particle"},
				"up": {"uv": [11, 9.5, 8, 6.5], "texture": "#particle"},
				"down": {"uv": [11, 6.5, 8, 9.5], "texture": "#particle"}
			}
		},
		{
			"from": [4, 0, -5],
			"to": [12, 8, 3],
			"rotation": {"angle": 0, "axis": "y", "origin": [4, 1, 1]},
			"faces": {
				"north": {"uv": [0, 12, 4, 16], "texture": "#particle"},
				"east": {"uv": [4, 8, 0, 12], "texture": "#particle"},
				"south": {"uv": [4, 7.5, 8, 11.5], "texture": "#particle"},
				"west": {"uv": [0, 8, 4, 12], "texture": "#particle"},
				"up": {"uv": [4, 12, 0, 8], "rotation": 270, "texture": "#particle"},
				"down": {"uv": [0, 12, 4, 8], "rotation": 270, "texture": "#particle"}
			}
		},
		{
			"from": [11, 7, 0],
			"to": [5, 1, -5],
			"rotation": {"angle": 0, "axis": "y", "origin": [11, 7, 0]},
			"faces": {
				"north": {"uv": [4.5, 10.5, 5, 11], "texture": "#particle"},
				"east": {"uv": [7.5, 10.5, 4.5, 8], "rotation": 90, "texture": "#particle"},
				"west": {"uv": [7.5, 8, 4.5, 10.5], "rotation": 90, "texture": "#particle"},
				"up": {"uv": [4.5, 10.5, 7.5, 8], "texture": "#particle"},
				"down": {"uv": [4.5, 8, 7.5, 10.5], "texture": "#particle"}
			}
		},
		{
			"name": "confetti_blaster_31",
			"from": [7.5, -6, 10],
			"to": [8.5, -4, 11],
			"rotation": {"angle": 0, "axis": "y", "origin": [8, -2.5, 7]},
			"faces": {
				"east": {"uv": [8.5, 15, 8, 16], "texture": "#particle"},
				"south": {"uv": [8, 15, 8.5, 16], "texture": "#particle"},
				"west": {"uv": [8, 15, 8.5, 16], "texture": "#particle"},
				"up": {"uv": [8, 15, 8.5, 15.5], "rotation": 90, "texture": "#particle"},
				"down": {"uv": [8, 15.5, 8.5, 16], "rotation": 270, "texture": "#particle"}
			}
		},
		{
			"name": "confetti_blaster_27",
			"from": [7.5, -6, 9],
			"to": [8.5, -2, 10],
			"rotation": {"angle": 0, "axis": "y", "origin": [8, -2.5, 7]},
			"faces": {
				"east": {"uv": [8, 14, 7.5, 16], "texture": "#particle"},
				"south": {"uv": [7.5, 14, 8, 16], "texture": "#particle"},
				"west": {"uv": [7.5, 14, 8, 16], "texture": "#particle"},
				"up": {"uv": [7.5, 14, 8, 14.5], "rotation": 90, "texture": "#particle"},
				"down": {"uv": [7.5, 15.5, 8, 16], "rotation": 270, "texture": "#particle"}
			}
		},
		{
			"name": "confetti_blaster_29",
			"from": [7.5, -6, 7],
			"to": [8.5, -3, 9],
			"rotation": {"angle": 0, "axis": "y", "origin": [8, -2.5, 7]},
			"faces": {
				"north": {"uv": [6.5, 14.5, 7, 16], "texture": "#particle"},
				"east": {"uv": [7.5, 14.5, 6.5, 16], "texture": "#particle"},
				"west": {"uv": [6.5, 14.5, 7.5, 16], "texture": "#particle"},
				"down": {"uv": [6.5, 15.5, 7.5, 16], "rotation": 270, "texture": "#particle"}
			}
		},
		{
			"name": "confetti_blaster_33",
			"from": [7.5, -6, 6],
			"to": [8.5, -5, 7],
			"rotation": {"angle": 0, "axis": "y", "origin": [8, -2.5, 7]},
			"faces": {
				"north": {"uv": [6, 15.5, 6.5, 16], "texture": "#particle"},
				"east": {"uv": [6.5, 15.5, 6, 16], "texture": "#particle"},
				"west": {"uv": [6, 15.5, 6.5, 16], "texture": "#particle"},
				"up": {"uv": [6, 15.5, 6.5, 16], "rotation": 90, "texture": "#particle"},
				"down": {"uv": [6, 15.5, 6.5, 16], "rotation": 270, "texture": "#particle"}
			}
		},
		{
			"name": "confetti_blaster_25",
			"from": [7.5, -3, 6],
			"to": [8.5, 0, 9],
			"rotation": {"angle": 0, "axis": "y", "origin": [8, -2.5, 7]},
			"faces": {
				"north": {"uv": [6, 13, 6.5, 14.5], "texture": "#particle"},
				"east": {"uv": [7.5, 13, 6, 14.5], "texture": "#particle"},
				"south": {"uv": [7, 13, 7.5, 14.5], "texture": "#particle"},
				"west": {"uv": [6, 13, 7.5, 14.5], "texture": "#particle"},
				"down": {"uv": [6, 14, 7.5, 14.5], "rotation": 270, "texture": "#particle"}
			}
		},
		{
			"name": "confetti_blaster_25",
			"from": [7.5, 0, 3],
			"to": [8.5, 1, 9],
			"rotation": {"angle": 0, "axis": "y", "origin": [8, -1.5, 7]},
			"faces": {
				"east": {"uv": [7.5, 12.5, 4.5, 13], "texture": "#particle"},
				"west": {"uv": [4.5, 12.5, 7.5, 13], "texture": "#particle"},
				"down": {"uv": [7.5, 13, 4.5, 12.5], "rotation": 90, "texture": "#particle"}
			}
		},
		{
			"name": "confetti_blaster_26",
			"from": [7.5, -3, 4],
			"to": [8.5, -2, 6],
			"rotation": {"angle": 0, "axis": "y", "origin": [8, -2.5, 7]},
			"faces": {
				"east": {"uv": [6, 14, 5, 14.5], "texture": "#particle"},
				"west": {"uv": [5, 14, 6, 14.5], "texture": "#particle"},
				"up": {"uv": [5, 14, 6, 14.5], "rotation": 90, "texture": "#particle"},
				"down": {"uv": [5, 14, 6, 14.5], "rotation": 270, "texture": "#particle"}
			}
		},
		{
			"name": "confetti_blaster_24",
			"from": [7.5, -3, 3],
			"to": [8.5, 0, 4],
			"rotation": {"angle": 0, "axis": "y", "origin": [8, -2.5, 7]},
			"faces": {
				"north": {"uv": [4.5, 13, 5, 14.5], "texture": "#particle"},
				"east": {"uv": [5, 13, 4.5, 14.5], "texture": "#particle"},
				"south": {"uv": [4.5, 13, 5, 14.5], "texture": "#particle"},
				"west": {"uv": [4.5, 13, 5, 14.5], "texture": "#particle"},
				"down": {"uv": [4.5, 14, 5, 14.5], "rotation": 270, "texture": "#particle"}
			}
		}
	],
	"gui_light": "front",
	"display": {
		"thirdperson_righthand": {
			"rotation": [3, 0, -15],
			"translation": [2.75, 6.5, 3.75],
			"scale": [0.85, 0.85, 0.85]
		},
		"thirdperson_lefthand": {
			"rotation": [1, 1, -7],
			"translation": [1, 6.5, 2.5],
			"scale": [0.85, 0.85, 0.85]
		},
		"firstperson_righthand": {
			"rotation": [11, -4, 0],
			"translation": [5.75, 6.6, -1.7],
			"scale": [0.68, 0.68, 0.68]
		},
		"firstperson_lefthand": {
			"rotation": [11, -4, 0],
			"translation": [5.75, 6.6, -1.7],
			"scale": [0.68, 0.68, 0.68]
		},
		"ground": {
			"rotation": [45, 0, 0],
			"translation": [0, 6.75, 0],
			"scale": [0.5, 0.5, 0.5]
		},
		"gui": {
			"rotation": [-63, -139, -76],
			"translation": [-1.3, 2, 0],
			"scale": [0.62, 0.62, 0.62]
		},
		"fixed": {
			"rotation": [93, 45, -110],
			"translation": [3, 3.5, -6.75]
		}
	}
}