{
	"oversized_in_gui": true,
	"model": {
		"type": "range_dispatch",
		"property": "damage",
		"scale": 4,
		"entries": [
			{
				"threshold": 0,
				"model": {
					"type": "model",
					"model": "minecraft:item/stone_sword/blackstone_sword"
				}
			},
			{
				"threshold": 1,
				"model": {
					"type": "model",
					"model": "minecraft:item/stone_sword/blackstone_sword_damaged_0"
				}
			},
			{
				"threshold": 2,
				"model": {
					"type": "model",
					"model": "minecraft:item/stone_sword/blackstone_sword_damaged_1"
				}
			},
			{
				"threshold": 3,
				"model": {
					"type": "model",
					"model": "minecraft:item/stone_sword/blackstone_sword_damaged_2"
				}
			}
		]
	}
}