{
	"model": {
		"type": "range_dispatch",
		"entries": [
			{
				"model": {
					"type": "range_dispatch",
					"property": "damage",
					"scale": 4,
					"entries": [
						{
							"threshold": 0,
							"model": {
								"type": "model",
								"model": "item/brush_brushing_0"
							}
						},
						{
							"threshold": 1,
							"model": {
								"type": "model",
								"model": "item/brush/exposed_brush_brushing_0"
							}
						},
						{
							"threshold": 2,
							"model": {
								"type": "model",
								"model": "item/brush/weathered_brush_brushing_0"
							}
						},
						{
							"threshold": 3,
							"model": {
								"type": "model",
								"model": "item/brush/oxidized_brush_brushing_0"
							}
						}
					]
				},
				"threshold": 0.25
			},
			{
				"model": {
					"type": "range_dispatch",
					"property": "damage",
					"scale": 4,
					"entries": [
						{
							"threshold": 0,
							"model": {
								"type": "model",
								"model": "item/brush_brushing_1"
							}
						},
						{
							"threshold": 1,
							"model": {
								"type": "model",
								"model": "item/brush/exposed_brush_brushing_1"
							}
						},
						{
							"threshold": 2,
							"model": {
								"type": "model",
								"model": "item/brush/weathered_brush_brushing_1"
							}
						},
						{
							"threshold": 3,
							"model": {
								"type": "model",
								"model": "item/brush/oxidized_brush_brushing_1"
							}
						}
					]
				},
				"threshold": 0.5
			},
			{
				"model": {
					"type": "range_dispatch",
					"property": "damage",
					"scale": 4,
					"entries": [
						{
							"threshold": 0,
							"model": {
								"type": "model",
								"model": "item/brush_brushing_2"
							}
						},
						{
							"threshold": 1,
							"model": {
								"type": "model",
								"model": "item/brush/exposed_brush_brushing_2"
							}
						},
						{
							"threshold": 2,
							"model": {
								"type": "model",
								"model": "item/brush/weathered_brush_brushing_2"
							}
						},
						{
							"threshold": 3,
							"model": {
								"type": "model",
								"model": "item/brush/oxidized_brush_brushing_2"
							}
						}
					]
				},
				"threshold": 0.75
			}
		],
		"fallback": {
			"type": "range_dispatch",
			"property": "damage",
			"scale": 4,
			"entries": [
				{
					"threshold": 0,
					"model": {
						"type": "model",
						"model": "item/brush"
					}
				},
				{
					"threshold": 1,
					"model": {
						"type": "model",
						"model": "item/brush/exposed_brush"
					}
				},
				{
					"threshold": 2,
					"model": {
						"type": "model",
						"model": "item/brush/weathered_brush"
					}
				},
				{
					"threshold": 3,
					"model": {
						"type": "model",
						"model": "item/brush/oxidized_brush"
					}
				}
			]
		},
		"period": 10,
		"property": "use_cycle",
		"scale": 0.1
	}
}