{
	"oversized_in_gui": true,
	"model": {
		"type": "condition",
		"property": "has_component",
		"component": "custom_name",
		"on_true": {
			"type": "select",
			"property": "component",
			"component": "custom_name",
	  		"cases": [
					{
				"when": [
							"Butterfly Blaster",
							"Blaster"
							],
				"model": {
					"type": "model",
					"model": "barely_default:item/butterfly_blaster"
			 			}
					}
		  		],
			"fallback": {
				"type": "model",
				"model": "barely_default:item/butterfly_net"
					}
				},
		"on_false": {
			"type": "model",
			"model": "barely_default:item/butterfly_net"
		}
	}
}