{
	"oversized_in_gui": true,
	"model": {
		"type": "select",
		"property": "component",
		"component": "custom_name",
		"cases": [
			{
				"when": [
					"Confetti Blaster",
					"Blaster"
				],
				"model": {
					"type": "select",
					"cases": [
						{
							"model": {
								"type": "model",
								"model": "barely_default:item/confetti_cannon/confetti_blaster_halloween"
							},
							"when": [
								"10-01",
								"10-02",
								"10-03",
								"10-04",
								"10-05",
								"10-06",
								"10-07",
								"10-08",
								"10-09",
								"10-10",
								"10-11",
								"10-12",
								"10-13",
								"10-14",
								"10-15",
								"10-16",
								"10-17",
								"10-18",
								"10-19",
								"10-20",
								"10-21",
								"10-22",
								"10-23",
								"10-24",
								"10-25",
								"10-26",
								"10-27",
								"10-28",
								"10-29",
								"10-30",
								"10-31",
								"11-01"
							]
						},
						{
							"model": {
								"type": "model",
								"model": "barely_default:item/confetti_cannon/confetti_blaster_christmas"
							},
							"when": [
								"12-01",
								"12-02",
								"12-03",
								"12-04",
								"12-05",
								"12-06",
								"12-07",
								"12-08",
								"12-09",
								"12-10",
								"12-11",
								"12-12",
								"12-13",
								"12-14",
								"12-15",
								"12-16",
								"12-17",
								"12-18",
								"12-19",
								"12-20",
								"12-21",
								"12-22",
								"12-23",
								"12-24",
								"12-25",
								"12-26",
								"12-27",
								"12-28",
								"12-29",
								"12-30",
								"12-31",
								"01-01"
							]
						},
						{
							"model": {
								"type": "model",
								"model": "barely_default:item/confetti_cannon/confetti_blaster_420"
							},
							"when": "04-20"
						}
					],
					"fallback": {
						"type": "model",
						"model": "barely_default:item/confetti_cannon/confetti_blaster"
					},
					"pattern": "MM-dd",
					"property": "local_time"
				}
			},
			{
				"when": [
					"Confetti Staff",
					"Staff"
				],
				"model": {
					"type": "select",
					"cases": [
						{
							"model": {
								"type": "model",
								"model": "barely_default:item/confetti_cannon/confetti_staff_halloween"
							},
							"when": [
								"10-01",
								"10-02",
								"10-03",
								"10-04",
								"10-05",
								"10-06",
								"10-07",
								"10-08",
								"10-09",
								"10-10",
								"10-11",
								"10-12",
								"10-13",
								"10-14",
								"10-15",
								"10-16",
								"10-17",
								"10-18",
								"10-19",
								"10-20",
								"10-21",
								"10-22",
								"10-23",
								"10-24",
								"10-25",
								"10-26",
								"10-27",
								"10-28",
								"10-29",
								"10-30",
								"10-31",
								"11-01"
							]
						},
						{
							"model": {
								"type": "model",
								"model": "barely_default:item/confetti_cannon/confetti_staff_christmas"
							},
							"when": [
								"12-01",
								"12-02",
								"12-03",
								"12-04",
								"12-05",
								"12-06",
								"12-07",
								"12-08",
								"12-09",
								"12-10",
								"12-11",
								"12-12",
								"12-13",
								"12-14",
								"12-15",
								"12-16",
								"12-17",
								"12-18",
								"12-19",
								"12-20",
								"12-21",
								"12-22",
								"12-23",
								"12-24",
								"12-25",
								"12-26",
								"12-27",
								"12-28",
								"12-29",
								"12-30",
								"12-31",
								"01-01"
							]
						},
						{
							"model": {
								"type": "model",
								"model": "barely_default:item/confetti_cannon/confetti_staff_420"
							},
							"when": "04-20"
						}
					],
					"fallback": {
						"type": "model",
						"model": "barely_default:item/confetti_cannon/confetti_staff"
					},
					"pattern": "MM-dd",
					"property": "local_time"
				}
			},
			{
				"when": [
					"Confetti Tome",
					"Tome"
				],
				"model": {
					"type": "select",
					"cases": [
						{
							"model": {
								"type": "model",
								"model": "barely_default:item/confetti_cannon/confetti_tome_halloween"
							},
							"when": [
								"10-01",
								"10-02",
								"10-03",
								"10-04",
								"10-05",
								"10-06",
								"10-07",
								"10-08",
								"10-09",
								"10-10",
								"10-11",
								"10-12",
								"10-13",
								"10-14",
								"10-15",
								"10-16",
								"10-17",
								"10-18",
								"10-19",
								"10-20",
								"10-21",
								"10-22",
								"10-23",
								"10-24",
								"10-25",
								"10-26",
								"10-27",
								"10-28",
								"10-29",
								"10-30",
								"10-31",
								"11-01"
							]
						},
						{
							"model": {
								"type": "model",
								"model": "barely_default:item/confetti_cannon/confetti_tome_christmas"
							},
							"when": [
								"12-01",
								"12-02",
								"12-03",
								"12-04",
								"12-05",
								"12-06",
								"12-07",
								"12-08",
								"12-09",
								"12-10",
								"12-11",
								"12-12",
								"12-13",
								"12-14",
								"12-15",
								"12-16",
								"12-17",
								"12-18",
								"12-19",
								"12-20",
								"12-21",
								"12-22",
								"12-23",
								"12-24",
								"12-25",
								"12-26",
								"12-27",
								"12-28",
								"12-29",
								"12-30",
								"12-31",
								"01-01"
							]
						},
						{
							"model": {
								"type": "model",
								"model": "barely_default:item/confetti_cannon/confetti_tome_420"
							},
							"when": "04-20"
						}
					],
					"fallback": {
						"type": "model",
						"model": "barely_default:item/confetti_cannon/confetti_tome"
					},
					"pattern": "MM-dd",
					"property": "local_time"
				}
			}
		],
		"fallback": {
			"type": "select",
			"cases": [
				{
					"model": {
						"type": "model",
						"model": "barely_default:item/confetti_cannon/confetti_cannon_halloween"
					},
					"when": [
						"10-01",
						"10-02",
						"10-03",
						"10-04",
						"10-05",
						"10-06",
						"10-07",
						"10-08",
						"10-09",
						"10-10",
						"10-11",
						"10-12",
						"10-13",
						"10-14",
						"10-15",
						"10-16",
						"10-17",
						"10-18",
						"10-19",
						"10-20",
						"10-21",
						"10-22",
						"10-23",
						"10-24",
						"10-25",
						"10-26",
						"10-27",
						"10-28",
						"10-29",
						"10-30",
						"10-31",
						"11-01"
					]
				},
				{
					"model": {
						"type": "model",
						"model": "barely_default:item/confetti_cannon/confetti_cannon_christmas"
					},
					"when": [
						"12-01",
						"12-02",
						"12-03",
						"12-04",
						"12-05",
						"12-06",
						"12-07",
						"12-08",
						"12-09",
						"12-10",
						"12-11",
						"12-12",
						"12-13",
						"12-14",
						"12-15",
						"12-16",
						"12-17",
						"12-18",
						"12-19",
						"12-20",
						"12-21",
						"12-22",
						"12-23",
						"12-24",
						"12-25",
						"12-26",
						"12-27",
						"12-28",
						"12-29",
						"12-30",
						"12-31",
						"01-01"
					]
				},
				{
					"model": {
						"type": "model",
						"model": "barely_default:item/confetti_cannon/confetti_cannon_420"
					},
					"when": "04-20"
				}
			],
			"fallback": {
				"type": "model",
				"model": "barely_default:item/confetti_cannon/confetti_cannon"
			},
			"pattern": "MM-dd",
			"property": "local_time"
		}
	}
}