{
	"model": {
			"type": "select",
			"property": "component",
			"component": "custom_name",
			"cases": [
				{
					"when": "Sconce",
					"model": {
						"type": "select",
						"property": "context_dimension",
						"cases": [
							{
								"when": "the_nether",
								"model": {
									"type": "model",
									"model": "barely_default:item/sconce/wither_butterfly_nether_sconce"
								}
							}
						],
						"fallback": {
							"type": "model",
							"model": "barely_default:item/sconce/wither_butterfly_sconce"
						}
					}
				}
			],
			"fallback": {
				"type": "model",
				"model": "barely_default:item/dead_wither_butterfly"
			}
		}
}