{
	"oversized_in_gui": true,
	"model": {
		"type": "condition",
		"property": "has_component",
		"component": "custom_name",
		"on_true": {
			"type": "select",
			"property": "component",
			"component": "custom_name",
	  		"cases": [
					{
					"when": "Sconce",
					"model": {
						"type": "composite",
						"models": [
							{
								"type": "model",
								"model": "barely_default:item/sconce/drowned_king_staff_sconce"
							},
							{
								"type": "select",
								"property": "display_context",
								"cases": [
									{
										"when": [
											"firstperson_lefthand",
											"firstperson_righthand",
											"thirdperson_lefthand",
											"thirdperson_righthand"
										],
										"model": {
											"type": "model",
											"model": "barely_default:item/sconce/drowned_king_staff_sconce_orb_0_1"
										}
									}
								],
								"fallback": {
									"type": "empty"
								}
							}
						]
					}
				},
					{
				"when": [
							"Drowned King Blaster",
							"Blaster"
							],
				"model": {
					"type": "model",
					"model": "barely_default:item/drowned_king_staff/drowned_king_blaster_0_1"
			 			}
					},
				{
					"when": [
						"Drowned King Tome",
						"Tome"
					],
					"model": {
						"type": "composite",
						"models": [
							{
								"type": "model",
								"model": "barely_default:item/drowned_king_staff/drowned_king_tome"
							},
							{
								"type": "model",
								"model": "barely_default:item/drowned_king_staff/drowned_king_tome_lining"
							},
							{
								"type": "model",
								"model": "barely_default:item/drowned_king_staff/drowned_king_tome_crown"
							}
						]
					}
				}
		  		],
			"fallback": {
				"type": "model",
				"model": "barely_default:item/drowned_king_staff/drowned_king_staff_0_1"
					}
				},
		"on_false": {
			"type": "model",
			"model": "barely_default:item/drowned_king_staff/drowned_king_staff_0_1"
		}
	}
}