{
	"model": {
		"type": "condition",
		"on_false": {
			"type": "condition",
			"property": "keybind_down",
			"keybind": "key.left",
			"on_true": {
				"type": "composite",
				"models": [
					{
						"type": "model",
						"model": "item/fishing_rod/fishing_rod"
					},
					{
						"type": "select",
						"property": "display_context",
						"cases": [
							{
								"when": [
									"firstperson_righthand",
									"firstperson_lefthand"
								],
								"model": {
									"type": "model",
									"model": "item/fishing_rod/fishing_rod_hook_left"
								}
							}
						],
						"fallback": {
							"type": "model",
							"model": "item/fishing_rod/fishing_rod_hook_inventory"
						}
					}
				]
			},
			"on_false": {
				"type": "condition",
				"property": "keybind_down",
				"keybind": "key.right",
				"on_true": {
					"type": "composite",
					"models": [
						{
							"type": "model",
							"model": "item/fishing_rod/fishing_rod"
						},
						{
							"type": "select",
							"property": "display_context",
							"cases": [
								{
									"when": [
										"firstperson_righthand",
										"firstperson_lefthand"
									],
									"model": {
										"type": "model",
										"model": "item/fishing_rod/fishing_rod_hook_right"
									}
								}
							],
							"fallback": {
								"type": "model",
								"model": "item/fishing_rod/fishing_rod_hook_inventory"
							}
						}
					]
				},
				"on_false": {
					"type": "condition",
					"property": "keybind_down",
					"keybind": "key.back",
					"on_true": {
						"type": "composite",
						"models": [
							{
								"type": "model",
								"model": "item/fishing_rod/fishing_rod"
							},
							{
								"type": "select",
								"property": "display_context",
								"cases": [
									{
										"when": [
											"firstperson_righthand",
											"firstperson_lefthand"
										],
										"model": {
											"type": "model",
											"model": "item/fishing_rod/fishing_rod_hook_back"
										}
									}
								],
								"fallback": {
									"type": "model",
									"model": "item/fishing_rod/fishing_rod_hook_inventory"
								}
							}
						]
					},
					"on_false": {
						"type": "condition",
						"property": "keybind_down",
						"keybind": "key.forward",
						"on_true": {
							"type": "composite",
							"models": [
								{
									"type": "model",
									"model": "item/fishing_rod/fishing_rod"
								},
								{
									"type": "select",
									"property": "display_context",
									"cases": [
										{
											"when": [
												"firstperson_righthand",
												"firstperson_lefthand"
											],
											"model": {
												"type": "model",
												"model": "item/fishing_rod/fishing_rod_hook_forward"
											}
										}
									],
									"fallback": {
										"type": "model",
										"model": "item/fishing_rod/fishing_rod_hook_inventory"
									}
								}
							]
						},
						"on_false": {
							"type": "composite",
							"models": [
								{
									"type": "model",
									"model": "item/fishing_rod/fishing_rod"
								},
								{
									"type": "select",
									"property": "display_context",
									"cases": [
										{
											"when": [
												"firstperson_righthand",
												"firstperson_lefthand"
											],
											"model": {
												"type": "model",
												"model": "item/fishing_rod/fishing_rod_hook"
											}
										}
									],
									"fallback": {
										"type": "model",
										"model": "item/fishing_rod/fishing_rod_hook_inventory"
									}
								}
							]
						}
					}
				}
			}
		},
		"on_true": {
			"type": "model",
			"model": "item/fishing_rod/fishing_rod_cast"
		},
		"property": "fishing_rod/cast"
	}
}