{
	"model": {
		"type": "condition",
		"property": "keybind_down",
		"keybind": "key.use",
		"on_true": {
			"type": "condition",
			"property": "selected",
			"on_true": {
				"type": "range_dispatch",
				"property": "damage",
				"scale": 2,
				"entries": [
					{
						"threshold": 0,
						"model": {
							"type": "composite",
							"models": [
								{
									"type": "model",
									"model": "item/flint_and_steel/flint"
								},
								{
									"type": "model",
									"model": "item/flint_and_steel/steel_using"
								}
							]
						}
					},
					{
						"threshold": 1,
						"model": {
							"type": "composite",
							"models": [
								{
									"type": "model",
									"model": "item/flint_and_steel/flint_damaged"
								},
								{
									"type": "model",
									"model": "item/flint_and_steel/steel_using"
								}
							]
						}
					}
				]
			},
			"on_false": {
				"type": "range_dispatch",
				"property": "damage",
				"scale": 2,
				"entries": [
					{
						"threshold": 0,
						"model": {
							"type": "composite",
							"models": [
								{
									"type": "model",
									"model": "item/flint_and_steel/flint"
								},
								{
									"type": "model",
									"model": "item/flint_and_steel/steel"
								}
							]
						}
					},
					{
						"threshold": 1,
						"model": {
							"type": "composite",
							"models": [
								{
									"type": "model",
									"model": "item/flint_and_steel/flint_damaged"
								},
								{
									"type": "model",
									"model": "item/flint_and_steel/steel"
								}
							]
						}
					}
				]
			}
		},
		"on_false": {
			"type": "range_dispatch",
			"property": "damage",
			"scale": 2,
			"entries": [
				{
					"threshold": 0,
					"model": {
						"type": "composite",
						"models": [
							{
								"type": "model",
								"model": "item/flint_and_steel/flint"
							},
							{
								"type": "model",
								"model": "item/flint_and_steel/steel"
							}
						]
					}
				},
				{
					"threshold": 1,
					"model": {
						"type": "composite",
						"models": [
							{
								"type": "model",
								"model": "item/flint_and_steel/flint_damaged"
							},
							{
								"type": "model",
								"model": "item/flint_and_steel/steel"
							}
						]
					}
				}
			]
		}
	},
	"oversized_in_gui": true
}