{
	"oversized_in_gui": true,
	"model": {
		"type": "condition",
		"on_false": {
			"type": "select",
			"base": "item/shield/shield",
			"model": {
				"type": "shield"
			},
			"property": "component",
			"component": "custom_name",
			"cases": [
				{
					"when": [
					"In The Spotlight",
					"Ubiquitato"
				],
					"model": {
						"type": "composite",
						"models": [
							{
								"type": "model",
								"model": "item/shield/ubiquitato"
							},
							{
								"type": "model",
								"model": "barely_default:item/shield/gold/shield_painting"
							}
						]
					}
				},
				{
					"when": [
					"Potatoe",
					"Potato"
				],
					"model": {
						"type": "composite",
						"models": [
							{
								"type": "model",
								"model": "item/shield/potatoe"
							},
							{
								"type": "model",
								"model": "barely_default:item/shield/gold/shield_painting"
							}
						]
					}
				},
				{
					"when": "terrain.png",
					"model": {
						"type": "composite",
						"models": [
							{
								"type": "model",
								"model": "item/shield/terrain"
							},
							{
								"type": "model",
								"model": "barely_default:item/shield/gold/shield_painting"
							}
						]
					}
				},
				{
					"when": "Thank You",
					"model": {
						"type": "composite",
						"models": [
							{
								"type": "model",
								"model": "item/shield/thank_you"
							},
							{
								"type": "model",
								"model": "barely_default:item/shield/gold/shield_painting"
							}
						]
					}
				},
				{
					"when": "Quick Response",
					"model": {
						"type": "composite",
						"models": [
							{
								"type": "model",
								"model": "item/shield/quick_response"
							},
							{
								"type": "model",
								"model": "barely_default:item/shield/gold/shield_painting"
							}
						]
					}
				},
				{
					"when": "Sighting",
					"model": {
						"type": "composite",
						"models": [
							{
								"type": "model",
								"model": "item/shield/sighting"
							},
							{
								"type": "model",
								"model": "barely_default:item/shield/gold/shield_painting"
							}
						]
					}
				},
				{
					"when": "Briefcase",
					"model": {
						"type": "composite",
						"models": [
							{
								"type": "model",
								"model": "item/shield/briefcase"
							},
							{
								"type": "model",
								"model": "barely_default:item/shield/gold/shield_painting"
							}
						]
					}
				},
				{
					"when": "Trips",
					"model": {
						"type": "composite",
						"models": [
							{
								"type": "model",
								"model": "item/shield/trips"
							},
							{
								"type": "model",
								"model": "barely_default:item/shield/gold/shield_painting"
							}
						]
					}
				},
				{
					"when": "Before",
					"model": {
						"type": "composite",
						"models": [
							{
								"type": "model",
								"model": "item/shield/before"
							},
							{
								"type": "model",
								"model": "barely_default:item/shield/gold/shield_painting"
							}
						]
					}
				},
				{
					"when": "Legend",
					"model": {
						"type": "composite",
						"models": [
							{
								"type": "model",
								"model": "item/shield/legend"
							},
							{
								"type": "model",
								"model": "barely_default:item/shield/gold/shield_painting"
							}
						]
					}
				},
				{
					"when": "Holiday",
					"model": {
						"type": "composite",
						"models": [
							{
								"type": "model",
								"model": "item/shield/holiday"
							},
							{
								"type": "model",
								"model": "barely_default:item/shield/gold/shield_painting"
							}
						]
					}
				},
				{
					"when": "Administrators",
					"model": {
						"type": "composite",
						"models": [
							{
								"type": "model",
								"model": "item/shield/administrators"
							},
							{
								"type": "model",
								"model": "barely_default:item/shield/gold/shield_painting"
							}
						]
					}
				},
				{
					"when": "Portal Hall",
					"model": {
						"type": "composite",
						"models": [
							{
								"type": "model",
								"model": "item/shield/portal_hall"
							},
							{
								"type": "model",
								"model": "barely_default:item/shield/gold/shield_painting"
							}
						]
					}
				},
				{
					"when": "Mesa",
					"model": {
						"type": "composite",
						"models": [
							{
								"type": "model",
								"model": "item/shield/mesa"
							},
							{
								"type": "model",
								"model": "barely_default:item/shield/gold/shield_painting"
							}
						]
					}
				},
				{
					"when": "Astract",
					"model": {
						"type": "composite",
						"models": [
							{
								"type": "model",
								"model": "item/shield/astract"
							},
							{
								"type": "model",
								"model": "barely_default:item/shield/gold/shield_painting"
							}
						]
					}
				},
				{
					"when": "Bstract",
					"model": {
						"type": "composite",
						"models": [
							{
								"type": "model",
								"model": "item/shield/bstract"
							},
							{
								"type": "model",
								"model": "barely_default:item/shield/gold/shield_painting"
							}
						]
					}
				},
				{
					"when": "Cstract",
					"model": {
						"type": "composite",
						"models": [
							{
								"type": "model",
								"model": "item/shield/cstract"
							},
							{
								"type": "model",
								"model": "barely_default:item/shield/gold/shield_painting"
							}
						]
					}
				},
				{
					"when": "Smash",
					"model": {
						"type": "composite",
						"models": [
							{
								"type": "model",
								"model": "item/shield/smash"
							},
							{
								"type": "model",
								"model": "barely_default:item/shield/gold/shield_painting"
							}
						]
					}
				},
				{
					"when": "Save The Turtles",
					"model": {
						"type": "composite",
						"models": [
							{
								"type": "model",
								"model": "item/shield/save_the_turtles"
							},
							{
								"type": "model",
								"model": "barely_default:item/shield/gold/shield_painting"
							}
						]
					}
				},
				{
					"when": "Creeper Woods",
					"model": {
						"type": "composite",
						"models": [
							{
								"type": "model",
								"model": "item/shield/creeper_woods"
							},
							{
								"type": "model",
								"model": "barely_default:item/shield/gold/shield_painting"
							}
						]
					}
				},
				{
					"when": "White Pumpkin",
					"model": {
						"type": "composite",
						"models": [
							{
								"type": "model",
								"model": "item/shield/white_pumpkin"
							},
							{
								"type": "model",
								"model": "barely_default:item/shield/gold/shield_painting"
							}
						]
					}
				},
				{
					"when": "Life",
					"model": {
						"type": "composite",
						"models": [
							{
								"type": "model",
								"model": "item/shield/life"
							},
							{
								"type": "model",
								"model": "barely_default:item/shield/gold/shield_painting"
							}
						]
					}
				},
				{
					"when": "Horsescene",
					"model": {
						"type": "composite",
						"models": [
							{
								"type": "model",
								"model": "item/shield/horsescene"
							},
							{
								"type": "model",
								"model": "barely_default:item/shield/gold/shield_painting"
							}
						]
					}
				},
				{
					"when": "Echoes",
					"model": {
						"type": "composite",
						"models": [
							{
								"type": "model",
								"model": "item/shield/echoes"
							},
							{
								"type": "model",
								"model": "barely_default:item/shield/gold/shield_painting"
							}
						]
					}
				},
				{
					"when": "Two-Dimensional",
					"model": {
						"type": "composite",
						"models": [
							{
								"type": "model",
								"model": "item/shield/two_dimensional"
							},
							{
								"type": "model",
								"model": "barely_default:item/shield/gold/shield_painting"
							}
						]
					}
				},
				{
					"when": "Tropical",
					"model": {
						"type": "composite",
						"models": [
							{
								"type": "model",
								"model": "item/shield/tropical"
							},
							{
								"type": "model",
								"model": "barely_default:item/shield/gold/shield_painting"
							}
						]
					}
				},
				{
					"when": "Sconce",
					"model": {
						"type": "composite",
						"models": [
							{
								"type": "model",
								"model": "item/shield/sconce"
							},
							{
								"type": "model",
								"model": "barely_default:item/shield/gold/shield_painting"
							}
						]
					}
				},
				{
					"when": "Pride",
					"model": {
						"type": "composite",
						"models": [
							{
								"type": "model",
								"model": "item/shield/pride"
							},
							{
								"type": "model",
								"model": "barely_default:item/shield/gold/shield_painting"
							}
						]
					}
				},
				{
					"when": "Monstrosity Droppings",
					"model": {
						"type": "composite",
						"models": [
							{
								"type": "model",
								"model": "item/shield/monstrosity_droppings"
							},
							{
								"type": "model",
								"model": "barely_default:item/shield/gold/shield_painting"
							}
						]
					}
				},
				{
					"when": "Llama",
					"model": {
						"type": "composite",
						"models": [
							{
								"type": "model",
								"model": "item/shield/llama"
							},
							{
								"type": "model",
								"model": "barely_default:item/shield/gold/shield_painting"
							}
						]
					}
				},
				{
					"when": "Lighthouse",
					"model": {
						"type": "composite",
						"models": [
							{
								"type": "model",
								"model": "item/shield/lighthouse"
							},
							{
								"type": "model",
								"model": "barely_default:item/shield/gold/shield_painting"
							}
						]
					}
				},
				{
					"when": "Key Golem",
					"model": {
						"type": "composite",
						"models": [
							{
								"type": "model",
								"model": "item/shield/key_golem"
							},
							{
								"type": "model",
								"model": "barely_default:item/shield/gold/shield_painting"
							}
						]
					}
				},
				{
					"when": "Game Cave",
					"model": {
						"type": "composite",
						"models": [
							{
								"type": "model",
								"model": "item/shield/game_cave"
							},
							{
								"type": "model",
								"model": "barely_default:item/shield/gold/shield_painting"
							}
						]
					}
				},
				{
					"when": "Fun Guys",
					"model": {
						"type": "composite",
						"models": [
							{
								"type": "model",
								"model": "item/shield/fun_guys"
							},
							{
								"type": "model",
								"model": "barely_default:item/shield/gold/shield_painting"
							}
						]
					}
				},
				{
					"when": "Dog Developer",
					"model": {
						"type": "composite",
						"models": [
							{
								"type": "model",
								"model": "item/shield/dog_developer"
							},
							{
								"type": "model",
								"model": "barely_default:item/shield/gold/shield_painting"
							}
						]
					}
				},
				{
					"when": "Crocodile",
					"model": {
						"type": "composite",
						"models": [
							{
								"type": "model",
								"model": "item/shield/crocodile"
							},
							{
								"type": "model",
								"model": "barely_default:item/shield/gold/shield_painting"
							}
						]
					}
				},
				{
					"when": "Cool Guy",
					"model": {
						"type": "composite",
						"models": [
							{
								"type": "model",
								"model": "item/shield/cool_guy"
							},
							{
								"type": "model",
								"model": "barely_default:item/shield/gold/shield_painting"
							}
						]
					}
				},
				{
					"when": "Checkerboard",
					"model": {
						"type": "composite",
						"models": [
							{
								"type": "model",
								"model": "item/shield/checkerboard"
							},
							{
								"type": "model",
								"model": "barely_default:item/shield/gold/shield_painting"
							}
						]
					}
				},
				{
					"when": "Boom Town",
					"model": {
						"type": "composite",
						"models": [
							{
								"type": "model",
								"model": "item/shield/boom_town"
							},
							{
								"type": "model",
								"model": "barely_default:item/shield/gold/shield_painting"
							}
						]
					}
				},
				{
					"when": "Steam",
					"model": {
						"type": "composite",
						"models": [
							{
								"type": "model",
								"model": "item/shield/steam"
							},
							{
								"type": "model",
								"model": "barely_default:item/shield/gold/shield_painting"
							}
						]
					}
				},
				{
					"when": "Stay Out",
					"model": {
						"type": "composite",
						"models": [
							{
								"type": "model",
								"model": "item/shield/stay_out"
							},
							{
								"type": "model",
								"model": "barely_default:item/shield/gold/shield_painting"
							}
						]
					}
				},
				{
					"when": "Reef",
					"model": {
						"type": "composite",
						"models": [
							{
								"type": "model",
								"model": "item/shield/reef"
							},
							{
								"type": "model",
								"model": "barely_default:item/shield/gold/shield_painting"
							}
						]
					}
				},
				{
					"when": "Redstone Golem",
					"model": {
						"type": "composite",
						"models": [
							{
								"type": "model",
								"model": "item/shield/redstone_golem"
							},
							{
								"type": "model",
								"model": "barely_default:item/shield/gold/shield_painting"
							}
						]
					}
				},
				{
					"when": "Free",
					"model": {
						"type": "composite",
						"models": [
							{
								"type": "model",
								"model": "item/shield/free"
							},
							{
								"type": "model",
								"model": "barely_default:item/shield/gold/shield_painting"
							}
						]
					}
				},
				{
					"when": "Far",
					"model": {
						"type": "composite",
						"models": [
							{
								"type": "model",
								"model": "item/shield/far"
							},
							{
								"type": "model",
								"model": "barely_default:item/shield/gold/shield_painting"
							}
						]
					}
				},
				{
					"when": "Extinct",
					"model": {
						"type": "composite",
						"models": [
							{
								"type": "model",
								"model": "item/shield/extinct"
							},
							{
								"type": "model",
								"model": "barely_default:item/shield/gold/shield_painting"
							}
						]
					}
				},
				{
					"when": "Hangin' There",
					"model": {
						"type": "composite",
						"models": [
							{
								"type": "model",
								"model": "item/shield/hangin_there"
							},
							{
								"type": "model",
								"model": "barely_default:item/shield/gold/shield_painting"
							}
						]
					}
				},
				{
					"when": "Wither",
					"model": {
						"type": "composite",
						"models": [
							{
								"type": "model",
								"model": "item/shield/wither"
							},
							{
								"type": "model",
								"model": "barely_default:item/shield/gold/shield_painting"
							}
						]
					}
				},
				{
					"when": "Wind",
					"model": {
						"type": "composite",
						"models": [
							{
								"type": "model",
								"model": "item/shield/wind"
							},
							{
								"type": "model",
								"model": "barely_default:item/shield/gold/shield_painting"
							}
						]
					}
				},
				{
					"when": "Water",
					"model": {
						"type": "composite",
						"models": [
							{
								"type": "model",
								"model": "item/shield/water"
							},
							{
								"type": "model",
								"model": "barely_default:item/shield/gold/shield_painting"
							}
						]
					}
				},
				{
					"when": "Wanderer",
					"model": {
						"type": "composite",
						"models": [
							{
								"type": "model",
								"model": "item/shield/wanderer"
							},
							{
								"type": "model",
								"model": "barely_default:item/shield/gold/shield_painting"
							}
						]
					}
				},
				{
					"when": "Void",
					"model": {
						"type": "composite",
						"models": [
							{
								"type": "model",
								"model": "item/shield/void"
							},
							{
								"type": "model",
								"model": "barely_default:item/shield/gold/shield_painting"
							}
						]
					}
				},
				{
					"when": "Unpacked",
					"model": {
						"type": "composite",
						"models": [
							{
								"type": "model",
								"model": "item/shield/unpacked"
							},
							{
								"type": "model",
								"model": "barely_default:item/shield/gold/shield_painting"
							}
						]
					}
				},
				{
					"when": "Tides",
					"model": {
						"type": "composite",
						"models": [
							{
								"type": "model",
								"model": "item/shield/tides"
							},
							{
								"type": "model",
								"model": "barely_default:item/shield/gold/shield_painting"
							}
						]
					}
				},
				{
					"when": "Sunset",
					"model": {
						"type": "composite",
						"models": [
							{
								"type": "model",
								"model": "item/shield/sunset"
							},
							{
								"type": "model",
								"model": "barely_default:item/shield/gold/shield_painting"
							}
						]
					}
				},
				{
					"when": "Sunflowers",
					"model": {
						"type": "composite",
						"models": [
							{
								"type": "model",
								"model": "item/shield/sunflowers"
							},
							{
								"type": "model",
								"model": "barely_default:item/shield/gold/shield_painting"
							}
						]
					}
				},
				{
					"when": "Stage",
					"model": {
						"type": "composite",
						"models": [
							{
								"type": "model",
								"model": "item/shield/stage"
							},
							{
								"type": "model",
								"model": "barely_default:item/shield/gold/shield_painting"
							}
						]
					}
				},
				{
					"when": "Orb",
					"model": {
						"type": "composite",
						"models": [
							{
								"type": "model",
								"model": "item/shield/orb"
							},
							{
								"type": "model",
								"model": "barely_default:item/shield/gold/shield_painting"
							}
						]
					}
				},
				{
					"when": "Skull and Roses",
					"model": {
						"type": "composite",
						"models": [
							{
								"type": "model",
								"model": "item/shield/skull_and_roses"
							},
							{
								"type": "model",
								"model": "barely_default:item/shield/gold/shield_painting"
							}
						]
					}
				},
				{
					"when": "Skeleton",
					"model": {
						"type": "composite",
						"models": [
							{
								"type": "model",
								"model": "item/shield/skeleton"
							},
							{
								"type": "model",
								"model": "barely_default:item/shield/gold/shield_painting"
							}
						]
					}
				},
				{
					"when": "Sea",
					"model": {
						"type": "composite",
						"models": [
							{
								"type": "model",
								"model": "item/shield/sea"
							},
							{
								"type": "model",
								"model": "barely_default:item/shield/gold/shield_painting"
							}
						]
					}
				},
				{
					"when": "Prairie Ride",
					"model": {
						"type": "composite",
						"models": [
							{
								"type": "model",
								"model": "item/shield/prairie_ride"
							},
							{
								"type": "model",
								"model": "barely_default:item/shield/gold/shield_painting"
							}
						]
					}
				},
				{
					"when": "Pool",
					"model": {
						"type": "composite",
						"models": [
							{
								"type": "model",
								"model": "item/shield/pool"
							},
							{
								"type": "model",
								"model": "barely_default:item/shield/gold/shield_painting"
							}
						]
					}
				},
				{
					"when": "Pond",
					"model": {
						"type": "composite",
						"models": [
							{
								"type": "model",
								"model": "item/shield/pond"
							},
							{
								"type": "model",
								"model": "barely_default:item/shield/gold/shield_painting"
							}
						]
					}
				},
				{
					"when": "Pointer",
					"model": {
						"type": "composite",
						"models": [
							{
								"type": "model",
								"model": "item/shield/pointer"
							},
							{
								"type": "model",
								"model": "barely_default:item/shield/gold/shield_painting"
							}
						]
					}
				},
				{
					"when": "Pigscene",
					"model": {
						"type": "composite",
						"models": [
							{
								"type": "model",
								"model": "item/shield/pigscene"
							},
							{
								"type": "model",
								"model": "barely_default:item/shield/gold/shield_painting"
							}
						]
					}
				},
				{
					"when": "Passage",
					"model": {
						"type": "composite",
						"models": [
							{
								"type": "model",
								"model": "item/shield/passage"
							},
							{
								"type": "model",
								"model": "barely_default:item/shield/gold/shield_painting"
							}
						]
					}
				},
				{
					"when": "Owlemons",
					"model": {
						"type": "composite",
						"models": [
							{
								"type": "model",
								"model": "item/shield/owlemons"
							},
							{
								"type": "model",
								"model": "barely_default:item/shield/gold/shield_painting"
							}
						]
					}
				},
				{
					"when": "Match",
					"model": {
						"type": "composite",
						"models": [
							{
								"type": "model",
								"model": "item/shield/match"
							},
							{
								"type": "model",
								"model": "barely_default:item/shield/gold/shield_painting"
							}
						]
					}
				},
				{
					"when": "Lowmist",
					"model": {
						"type": "composite",
						"models": [
							{
								"type": "model",
								"model": "item/shield/lowmist"
							},
							{
								"type": "model",
								"model": "barely_default:item/shield/gold/shield_painting"
							}
						]
					}
				},
				{
					"when": "Humble",
					"model": {
						"type": "composite",
						"models": [
							{
								"type": "model",
								"model": "item/shield/humble"
							},
							{
								"type": "model",
								"model": "barely_default:item/shield/gold/shield_painting"
							}
						]
					}
				},
				{
					"when": "Fire",
					"model": {
						"type": "composite",
						"models": [
							{
								"type": "model",
								"model": "item/shield/fire"
							},
							{
								"type": "model",
								"model": "barely_default:item/shield/gold/shield_painting"
							}
						]
					}
				},
				{
					"when": "Finding",
					"model": {
						"type": "composite",
						"models": [
							{
								"type": "model",
								"model": "item/shield/finding"
							},
							{
								"type": "model",
								"model": "barely_default:item/shield/gold/shield_painting"
							}
						]
					}
				},
				{
					"when": "Fighters",
					"model": {
						"type": "composite",
						"models": [
							{
								"type": "model",
								"model": "item/shield/fighters"
							},
							{
								"type": "model",
								"model": "barely_default:item/shield/gold/shield_painting"
							}
						]
					}
				},
				{
					"when": "Fern",
					"model": {
						"type": "composite",
						"models": [
							{
								"type": "model",
								"model": "item/shield/fern"
							},
							{
								"type": "model",
								"model": "barely_default:item/shield/gold/shield_painting"
							}
						]
					}
				},
				{
					"when": "Endboss",
					"model": {
						"type": "composite",
						"models": [
							{
								"type": "model",
								"model": "item/shield/endboss"
							},
							{
								"type": "model",
								"model": "barely_default:item/shield/gold/shield_painting"
							}
						]
					}
				},
				{
					"when": "Earth",
					"model": {
						"type": "composite",
						"models": [
							{
								"type": "model",
								"model": "item/shield/earth"
							},
							{
								"type": "model",
								"model": "barely_default:item/shield/gold/shield_painting"
							}
						]
					}
				},
				{
					"when": "Donkey Kong",
					"model": {
						"type": "composite",
						"models": [
							{
								"type": "model",
								"model": "item/shield/donkey_kong"
							},
							{
								"type": "model",
								"model": "barely_default:item/shield/gold/shield_painting"
							}
						]
					}
				},
				{
					"when": "Dennis",
					"model": {
						"type": "composite",
						"models": [
							{
								"type": "model",
								"model": "item/shield/dennis"
							},
							{
								"type": "model",
								"model": "barely_default:item/shield/gold/shield_painting"
							}
						]
					}
				},
				{
					"when": "Creebet",
					"model": {
						"type": "composite",
						"models": [
							{
								"type": "model",
								"model": "item/shield/creebet"
							},
							{
								"type": "model",
								"model": "barely_default:item/shield/gold/shield_painting"
							}
						]
					}
				},
				{
					"when": "Courbet",
					"model": {
						"type": "composite",
						"models": [
							{
								"type": "model",
								"model": "item/shield/courbet"
							},
							{
								"type": "model",
								"model": "barely_default:item/shield/gold/shield_painting"
							}
						]
					}
				},
				{
					"when": "Cotan",
					"model": {
						"type": "composite",
						"models": [
							{
								"type": "model",
								"model": "item/shield/cotan"
							},
							{
								"type": "model",
								"model": "barely_default:item/shield/gold/shield_painting"
							}
						]
					}
				},
				{
					"when": "Changing",
					"model": {
						"type": "composite",
						"models": [
							{
								"type": "model",
								"model": "item/shield/changing"
							},
							{
								"type": "model",
								"model": "barely_default:item/shield/gold/shield_painting"
							}
						]
					}
				},
				{
					"when": "Cavebird",
					"model": {
						"type": "composite",
						"models": [
							{
								"type": "model",
								"model": "item/shield/cavebird"
							},
							{
								"type": "model",
								"model": "barely_default:item/shield/gold/shield_painting"
							}
						]
					}
				},
				{
					"when": "Bust",
					"model": {
						"type": "composite",
						"models": [
							{
								"type": "model",
								"model": "item/shield/bust"
							},
							{
								"type": "model",
								"model": "barely_default:item/shield/gold/shield_painting"
							}
						]
					}
				},
				{
					"when": "Burning Skull",
					"model": {
						"type": "composite",
						"models": [
							{
								"type": "model",
								"model": "item/shield/burning_skull"
							},
							{
								"type": "model",
								"model": "barely_default:item/shield/gold/shield_painting"
							}
						]
					}
				},
				{
					"when": "Bouquet",
					"model": {
						"type": "composite",
						"models": [
							{
								"type": "model",
								"model": "item/shield/bouquet"
							},
							{
								"type": "model",
								"model": "barely_default:item/shield/gold/shield_painting"
							}
						]
					}
				},
				{
					"when": "Baroque",
					"model": {
						"type": "composite",
						"models": [
							{
								"type": "model",
								"model": "item/shield/baroque"
							},
							{
								"type": "model",
								"model": "barely_default:item/shield/gold/shield_painting"
							}
						]
					}
				},
				{
					"when": "Backyard",
					"model": {
						"type": "composite",
						"models": [
							{
								"type": "model",
								"model": "item/shield/backyard"
							},
							{
								"type": "model",
								"model": "barely_default:item/shield/gold/shield_painting"
							}
						]
					}
				},
				{
					"when": "Graham",
					"model": {
						"type": "composite",
						"models": [
							{
								"type": "model",
								"model": "item/shield/graham"
							},
							{
								"type": "model",
								"model": "barely_default:item/shield/gold/shield_painting"
							}
						]
					}
				},
				{
					"when": "Royal Shield",
					"model": {
						"type": "model",
						"model": "barely_default:item/shield/gold/royal_shield"
					}
				},
				{
					"when": "Trial Shield",
					"model": {
						"type": "model",
						"model": "barely_default:item/shield/gold/trial_shield"
					}
				},
				{
					"when": "Piglin Shield",
					"model": {
						"type": "model",
						"model": "barely_default:item/shield/gold/piglin_shield"
					}
				},
				{
					"when": "Vanguard Shield",
					"model": {
						"type": "model",
						"model": "barely_default:item/shield/gold/vanguard_shield"
					}
				}
			],
			"fallback": {
				"type": "condition",
				"property": "has_component",
				"component": "base_color",
				"on_true": {
					"type": "composite",
					"models": [
						{
							"type": "special",
							"base": "item/shield/shield",
							"model": {
								"type": "shield"
							}
						},
						{
							"type": "model",
							"model": "barely_default:item/shield/gold/shield_banner"
						}
					]
				},
				"on_false": {
					"type": "model",
					"model": "barely_default:item/shield/gold/shield"
				}
			}
		},
		"on_true": {
			"type": "select",
			"base": "item/shield_blocking",
			"model": {
				"type": "shield"
			},
			"property": "component",
			"component": "custom_name",
			"cases": [
				{
					"when": [
					"In The Spotlight",
					"Ubiquitato"
				],
					"model": {
						"type": "composite",
						"models": [
							{
								"type": "model",
								"model": "item/shield/ubiquitato_blocking"
							},
							{
								"type": "model",
								"model": "barely_default:item/shield/gold/shield_painting_blocking"
							}
						]
					}
				},
				{
					"when": [
					"Potatoe",
					"Potato"
				],
					"model": {
						"type": "composite",
						"models": [
							{
								"type": "model",
								"model": "item/shield/potatoe_blocking"
							},
							{
								"type": "model",
								"model": "barely_default:item/shield/gold/shield_painting_blocking"
							}
						]
					}
				},
				{
					"when": "terrain.png",
					"model": {
						"type": "composite",
						"models": [
							{
								"type": "model",
								"model": "item/shield/terrain_blocking"
							},
							{
								"type": "model",
								"model": "barely_default:item/shield/gold/shield_painting_blocking"
							}
						]
					}
				},
				{
					"when": "Thank You",
					"model": {
						"type": "composite",
						"models": [
							{
								"type": "model",
								"model": "item/shield/thank_you_blocking"
							},
							{
								"type": "model",
								"model": "barely_default:item/shield/gold/shield_painting_blocking"
							}
						]
					}
				},
				{
					"when": "Quick Response",
					"model": {
						"type": "composite",
						"models": [
							{
								"type": "model",
								"model": "item/shield/quick_response_blocking"
							},
							{
								"type": "model",
								"model": "barely_default:item/shield/gold/shield_painting_blocking"
							}
						]
					}
				},
				{
					"when": "Sighting",
					"model": {
						"type": "composite",
						"models": [
							{
								"type": "model",
								"model": "item/shield/sighting_blocking"
							},
							{
								"type": "model",
								"model": "barely_default:item/shield/gold/shield_painting_blocking"
							}
						]
					}
				},
				{
					"when": "Briefcase",
					"model": {
						"type": "composite",
						"models": [
							{
								"type": "model",
								"model": "item/shield/briefcase_blocking"
							},
							{
								"type": "model",
								"model": "barely_default:item/shield/gold/shield_painting_blocking"
							}
						]
					}
				},
				{
					"when": "Trips",
					"model": {
						"type": "composite",
						"models": [
							{
								"type": "model",
								"model": "item/shield/trips_blocking"
							},
							{
								"type": "model",
								"model": "barely_default:item/shield/gold/shield_painting_blocking"
							}
						]
					}
				},
				{
					"when": "Before",
					"model": {
						"type": "composite",
						"models": [
							{
								"type": "model",
								"model": "item/shield/before_blocking"
							},
							{
								"type": "model",
								"model": "barely_default:item/shield/gold/shield_painting_blocking"
							}
						]
					}
				},
				{
					"when": "Legend",
					"model": {
						"type": "composite",
						"models": [
							{
								"type": "model",
								"model": "item/shield/legend_blocking"
							},
							{
								"type": "model",
								"model": "barely_default:item/shield/gold/shield_painting_blocking"
							}
						]
					}
				},
				{
					"when": "Holiday",
					"model": {
						"type": "composite",
						"models": [
							{
								"type": "model",
								"model": "item/shield/holiday_blocking"
							},
							{
								"type": "model",
								"model": "barely_default:item/shield/gold/shield_painting_blocking"
							}
						]
					}
				},
				{
					"when": "Administrators",
					"model": {
						"type": "composite",
						"models": [
							{
								"type": "model",
								"model": "item/shield/administrators_blocking"
							},
							{
								"type": "model",
								"model": "barely_default:item/shield/gold/shield_painting_blocking"
							}
						]
					}
				},
				{
					"when": "Portal Hall",
					"model": {
						"type": "composite",
						"models": [
							{
								"type": "model",
								"model": "item/shield/portal_hall_blocking"
							},
							{
								"type": "model",
								"model": "barely_default:item/shield/gold/shield_painting_blocking"
							}
						]
					}
				},
				{
					"when": "Mesa",
					"model": {
						"type": "composite",
						"models": [
							{
								"type": "model",
								"model": "item/shield/mesa_blocking"
							},
							{
								"type": "model",
								"model": "barely_default:item/shield/gold/shield_painting_blocking"
							}
						]
					}
				},
				{
					"when": "Astract",
					"model": {
						"type": "composite",
						"models": [
							{
								"type": "model",
								"model": "item/shield/astract_blocking"
							},
							{
								"type": "model",
								"model": "barely_default:item/shield/gold/shield_painting_blocking"
							}
						]
					}
				},
				{
					"when": "Bstract",
					"model": {
						"type": "composite",
						"models": [
							{
								"type": "model",
								"model": "item/shield/bstract_blocking"
							},
							{
								"type": "model",
								"model": "barely_default:item/shield/gold/shield_painting_blocking"
							}
						]
					}
				},
				{
					"when": "Cstract",
					"model": {
						"type": "composite",
						"models": [
							{
								"type": "model",
								"model": "item/shield/cstract_blocking"
							},
							{
								"type": "model",
								"model": "barely_default:item/shield/gold/shield_painting_blocking"
							}
						]
					}
				},
				{
					"when": "Smash",
					"model": {
						"type": "composite",
						"models": [
							{
								"type": "model",
								"model": "item/shield/smash_blocking"
							},
							{
								"type": "model",
								"model": "barely_default:item/shield/gold/shield_painting_blocking"
							}
						]
					}
				},
				{
					"when": "Save The Turtles",
					"model": {
						"type": "composite",
						"models": [
							{
								"type": "model",
								"model": "item/shield/save_the_turtles_blocking"
							},
							{
								"type": "model",
								"model": "barely_default:item/shield/gold/shield_painting_blocking"
							}
						]
					}
				},
				{
					"when": "Creeper Woods",
					"model": {
						"type": "composite",
						"models": [
							{
								"type": "model",
								"model": "item/shield/creeper_woods_blocking"
							},
							{
								"type": "model",
								"model": "barely_default:item/shield/gold/shield_painting_blocking"
							}
						]
					}
				},
				{
					"when": "White Pumpkin",
					"model": {
						"type": "composite",
						"models": [
							{
								"type": "model",
								"model": "item/shield/white_pumpkin_blocking"
							},
							{
								"type": "model",
								"model": "barely_default:item/shield/gold/shield_painting_blocking"
							}
						]
					}
				},
				{
					"when": "Life",
					"model": {
						"type": "composite",
						"models": [
							{
								"type": "model",
								"model": "item/shield/life_blocking"
							},
							{
								"type": "model",
								"model": "barely_default:item/shield/gold/shield_painting_blocking"
							}
						]
					}
				},
				{
					"when": "Horsescene",
					"model": {
						"type": "composite",
						"models": [
							{
								"type": "model",
								"model": "item/shield/horsescene_blocking"
							},
							{
								"type": "model",
								"model": "barely_default:item/shield/gold/shield_painting_blocking"
							}
						]
					}
				},
				{
					"when": "Echoes",
					"model": {
						"type": "composite",
						"models": [
							{
								"type": "model",
								"model": "item/shield/echoes_blocking"
							},
							{
								"type": "model",
								"model": "barely_default:item/shield/gold/shield_painting_blocking"
							}
						]
					}
				},
				{
					"when": "Two-Dimensional",
					"model": {
						"type": "composite",
						"models": [
							{
								"type": "model",
								"model": "item/shield/two_dimensional_blocking"
							},
							{
								"type": "model",
								"model": "barely_default:item/shield/gold/shield_painting_blocking"
							}
						]
					}
				},
				{
					"when": "Tropical",
					"model": {
						"type": "composite",
						"models": [
							{
								"type": "model",
								"model": "item/shield/tropical_blocking"
							},
							{
								"type": "model",
								"model": "barely_default:item/shield/gold/shield_painting_blocking"
							}
						]
					}
				},
				{
					"when": "Sconce",
					"model": {
						"type": "composite",
						"models": [
							{
								"type": "model",
								"model": "item/shield/sconce_blocking"
							},
							{
								"type": "model",
								"model": "barely_default:item/shield/gold/shield_painting_blocking"
							}
						]
					}
				},
				{
					"when": "Pride",
					"model": {
						"type": "composite",
						"models": [
							{
								"type": "model",
								"model": "item/shield/pride_blocking"
							},
							{
								"type": "model",
								"model": "barely_default:item/shield/gold/shield_painting_blocking"
							}
						]
					}
				},
				{
					"when": "Monstrosity Droppings",
					"model": {
						"type": "composite",
						"models": [
							{
								"type": "model",
								"model": "item/shield/monstrosity_droppings_blocking"
							},
							{
								"type": "model",
								"model": "barely_default:item/shield/gold/shield_painting_blocking"
							}
						]
					}
				},
				{
					"when": "Llama",
					"model": {
						"type": "composite",
						"models": [
							{
								"type": "model",
								"model": "item/shield/llama_blocking"
							},
							{
								"type": "model",
								"model": "barely_default:item/shield/gold/shield_painting_blocking"
							}
						]
					}
				},
				{
					"when": "Lighthouse",
					"model": {
						"type": "composite",
						"models": [
							{
								"type": "model",
								"model": "item/shield/lighthouse_blocking"
							},
							{
								"type": "model",
								"model": "barely_default:item/shield/gold/shield_painting_blocking"
							}
						]
					}
				},
				{
					"when": "Key Golem",
					"model": {
						"type": "composite",
						"models": [
							{
								"type": "model",
								"model": "item/shield/key_golem_blocking"
							},
							{
								"type": "model",
								"model": "barely_default:item/shield/gold/shield_painting_blocking"
							}
						]
					}
				},
				{
					"when": "Game Cave",
					"model": {
						"type": "composite",
						"models": [
							{
								"type": "model",
								"model": "item/shield/game_cave_blocking"
							},
							{
								"type": "model",
								"model": "barely_default:item/shield/gold/shield_painting_blocking"
							}
						]
					}
				},
				{
					"when": "Fun Guys",
					"model": {
						"type": "composite",
						"models": [
							{
								"type": "model",
								"model": "item/shield/fun_guys_blocking"
							},
							{
								"type": "model",
								"model": "barely_default:item/shield/gold/shield_painting_blocking"
							}
						]
					}
				},
				{
					"when": "Dog Developer",
					"model": {
						"type": "composite",
						"models": [
							{
								"type": "model",
								"model": "item/shield/dog_developer_blocking"
							},
							{
								"type": "model",
								"model": "barely_default:item/shield/gold/shield_painting_blocking"
							}
						]
					}
				},
				{
					"when": "Crocodile",
					"model": {
						"type": "composite",
						"models": [
							{
								"type": "model",
								"model": "item/shield/crocodile_blocking"
							},
							{
								"type": "model",
								"model": "barely_default:item/shield/gold/shield_painting_blocking"
							}
						]
					}
				},
				{
					"when": "Cool Guy",
					"model": {
						"type": "composite",
						"models": [
							{
								"type": "model",
								"model": "item/shield/cool_guy_blocking"
							},
							{
								"type": "model",
								"model": "barely_default:item/shield/gold/shield_painting_blocking"
							}
						]
					}
				},
				{
					"when": "Checkerboard",
					"model": {
						"type": "composite",
						"models": [
							{
								"type": "model",
								"model": "item/shield/checkerboard_blocking"
							},
							{
								"type": "model",
								"model": "barely_default:item/shield/gold/shield_painting_blocking"
							}
						]
					}
				},
				{
					"when": "Boom Town",
					"model": {
						"type": "composite",
						"models": [
							{
								"type": "model",
								"model": "item/shield/boom_town_blocking"
							},
							{
								"type": "model",
								"model": "barely_default:item/shield/gold/shield_painting_blocking"
							}
						]
					}
				},
				{
					"when": "Steam",
					"model": {
						"type": "composite",
						"models": [
							{
								"type": "model",
								"model": "item/shield/steam_blocking"
							},
							{
								"type": "model",
								"model": "barely_default:item/shield/gold/shield_painting_blocking"
							}
						]
					}
				},
				{
					"when": "Stay Out",
					"model": {
						"type": "composite",
						"models": [
							{
								"type": "model",
								"model": "item/shield/stay_out_blocking"
							},
							{
								"type": "model",
								"model": "barely_default:item/shield/gold/shield_painting_blocking"
							}
						]
					}
				},
				{
					"when": "Reef",
					"model": {
						"type": "composite",
						"models": [
							{
								"type": "model",
								"model": "item/shield/reef_blocking"
							},
							{
								"type": "model",
								"model": "barely_default:item/shield/gold/shield_painting_blocking"
							}
						]
					}
				},
				{
					"when": "Redstone Golem",
					"model": {
						"type": "composite",
						"models": [
							{
								"type": "model",
								"model": "item/shield/redstone_golem_blocking"
							},
							{
								"type": "model",
								"model": "barely_default:item/shield/gold/shield_painting_blocking"
							}
						]
					}
				},
				{
					"when": "Free",
					"model": {
						"type": "composite",
						"models": [
							{
								"type": "model",
								"model": "item/shield/free_blocking"
							},
							{
								"type": "model",
								"model": "barely_default:item/shield/gold/shield_painting_blocking"
							}
						]
					}
				},
				{
					"when": "Far",
					"model": {
						"type": "composite",
						"models": [
							{
								"type": "model",
								"model": "item/shield/far_blocking"
							},
							{
								"type": "model",
								"model": "barely_default:item/shield/gold/shield_painting_blocking"
							}
						]
					}
				},
				{
					"when": "Extinct",
					"model": {
						"type": "composite",
						"models": [
							{
								"type": "model",
								"model": "item/shield/extinct_blocking"
							},
							{
								"type": "model",
								"model": "barely_default:item/shield/gold/shield_painting_blocking"
							}
						]
					}
				},
				{
					"when": "Hangin' There",
					"model": {
						"type": "composite",
						"models": [
							{
								"type": "model",
								"model": "item/shield/hangin_there_blocking"
							},
							{
								"type": "model",
								"model": "barely_default:item/shield/gold/shield_painting_blocking"
							}
						]
					}
				},
				{
					"when": "Wither",
					"model": {
						"type": "composite",
						"models": [
							{
								"type": "model",
								"model": "item/shield/wither_blocking"
							},
							{
								"type": "model",
								"model": "barely_default:item/shield/gold/shield_painting_blocking"
							}
						]
					}
				},
				{
					"when": "Wind",
					"model": {
						"type": "composite",
						"models": [
							{
								"type": "model",
								"model": "item/shield/wind_blocking"
							},
							{
								"type": "model",
								"model": "barely_default:item/shield/gold/shield_painting_blocking"
							}
						]
					}
				},
				{
					"when": "Water",
					"model": {
						"type": "composite",
						"models": [
							{
								"type": "model",
								"model": "item/shield/water_blocking"
							},
							{
								"type": "model",
								"model": "barely_default:item/shield/gold/shield_painting_blocking"
							}
						]
					}
				},
				{
					"when": "Wanderer",
					"model": {
						"type": "composite",
						"models": [
							{
								"type": "model",
								"model": "item/shield/wanderer_blocking"
							},
							{
								"type": "model",
								"model": "barely_default:item/shield/gold/shield_painting_blocking"
							}
						]
					}
				},
				{
					"when": "Void",
					"model": {
						"type": "composite",
						"models": [
							{
								"type": "model",
								"model": "item/shield/void_blocking"
							},
							{
								"type": "model",
								"model": "barely_default:item/shield/gold/shield_painting_blocking"
							}
						]
					}
				},
				{
					"when": "Unpacked",
					"model": {
						"type": "composite",
						"models": [
							{
								"type": "model",
								"model": "item/shield/unpacked_blocking"
							},
							{
								"type": "model",
								"model": "barely_default:item/shield/gold/shield_painting_blocking"
							}
						]
					}
				},
				{
					"when": "Tides",
					"model": {
						"type": "composite",
						"models": [
							{
								"type": "model",
								"model": "item/shield/tides_blocking"
							},
							{
								"type": "model",
								"model": "barely_default:item/shield/gold/shield_painting_blocking"
							}
						]
					}
				},
				{
					"when": "Sunset",
					"model": {
						"type": "composite",
						"models": [
							{
								"type": "model",
								"model": "item/shield/sunset_blocking"
							},
							{
								"type": "model",
								"model": "barely_default:item/shield/gold/shield_painting_blocking"
							}
						]
					}
				},
				{
					"when": "Sunflowers",
					"model": {
						"type": "composite",
						"models": [
							{
								"type": "model",
								"model": "item/shield/sunflowers_blocking"
							},
							{
								"type": "model",
								"model": "barely_default:item/shield/gold/shield_painting_blocking"
							}
						]
					}
				},
				{
					"when": "Stage",
					"model": {
						"type": "composite",
						"models": [
							{
								"type": "model",
								"model": "item/shield/stage_blocking"
							},
							{
								"type": "model",
								"model": "barely_default:item/shield/gold/shield_painting_blocking"
							}
						]
					}
				},
				{
					"when": "Orb",
					"model": {
						"type": "composite",
						"models": [
							{
								"type": "model",
								"model": "item/shield/orb_blocking"
							},
							{
								"type": "model",
								"model": "barely_default:item/shield/gold/shield_painting_blocking"
							}
						]
					}
				},
				{
					"when": "Skull and Roses",
					"model": {
						"type": "composite",
						"models": [
							{
								"type": "model",
								"model": "item/shield/skull_and_roses_blocking"
							},
							{
								"type": "model",
								"model": "barely_default:item/shield/gold/shield_painting_blocking"
							}
						]
					}
				},
				{
					"when": "Skeleton",
					"model": {
						"type": "composite",
						"models": [
							{
								"type": "model",
								"model": "item/shield/skeleton_blocking"
							},
							{
								"type": "model",
								"model": "barely_default:item/shield/gold/shield_painting_blocking"
							}
						]
					}
				},
				{
					"when": "Sea",
					"model": {
						"type": "composite",
						"models": [
							{
								"type": "model",
								"model": "item/shield/sea_blocking"
							},
							{
								"type": "model",
								"model": "barely_default:item/shield/gold/shield_painting_blocking"
							}
						]
					}
				},
				{
					"when": "Prairie Ride",
					"model": {
						"type": "composite",
						"models": [
							{
								"type": "model",
								"model": "item/shield/prairie_ride_blocking"
							},
							{
								"type": "model",
								"model": "barely_default:item/shield/gold/shield_painting_blocking"
							}
						]
					}
				},
				{
					"when": "Pool",
					"model": {
						"type": "composite",
						"models": [
							{
								"type": "model",
								"model": "item/shield/pool_blocking"
							},
							{
								"type": "model",
								"model": "barely_default:item/shield/gold/shield_painting_blocking"
							}
						]
					}
				},
				{
					"when": "Pond",
					"model": {
						"type": "composite",
						"models": [
							{
								"type": "model",
								"model": "item/shield/pond_blocking"
							},
							{
								"type": "model",
								"model": "barely_default:item/shield/gold/shield_painting_blocking"
							}
						]
					}
				},
				{
					"when": "Pointer",
					"model": {
						"type": "composite",
						"models": [
							{
								"type": "model",
								"model": "item/shield/pointer_blocking"
							},
							{
								"type": "model",
								"model": "barely_default:item/shield/gold/shield_painting_blocking"
							}
						]
					}
				},
				{
					"when": "Pigscene",
					"model": {
						"type": "composite",
						"models": [
							{
								"type": "model",
								"model": "item/shield/pigscene_blocking"
							},
							{
								"type": "model",
								"model": "barely_default:item/shield/gold/shield_painting_blocking"
							}
						]
					}
				},
				{
					"when": "Passage",
					"model": {
						"type": "composite",
						"models": [
							{
								"type": "model",
								"model": "item/shield/passage_blocking"
							},
							{
								"type": "model",
								"model": "barely_default:item/shield/gold/shield_painting_blocking"
							}
						]
					}
				},
				{
					"when": "Owlemons",
					"model": {
						"type": "composite",
						"models": [
							{
								"type": "model",
								"model": "item/shield/owlemons_blocking"
							},
							{
								"type": "model",
								"model": "barely_default:item/shield/gold/shield_painting_blocking"
							}
						]
					}
				},
				{
					"when": "Match",
					"model": {
						"type": "composite",
						"models": [
							{
								"type": "model",
								"model": "item/shield/match_blocking"
							},
							{
								"type": "model",
								"model": "barely_default:item/shield/gold/shield_painting_blocking"
							}
						]
					}
				},
				{
					"when": "Lowmist",
					"model": {
						"type": "composite",
						"models": [
							{
								"type": "model",
								"model": "item/shield/lowmist_blocking"
							},
							{
								"type": "model",
								"model": "barely_default:item/shield/gold/shield_painting_blocking"
							}
						]
					}
				},
				{
					"when": "Humble",
					"model": {
						"type": "composite",
						"models": [
							{
								"type": "model",
								"model": "item/shield/humble_blocking"
							},
							{
								"type": "model",
								"model": "barely_default:item/shield/gold/shield_painting_blocking"
							}
						]
					}
				},
				{
					"when": "Fire",
					"model": {
						"type": "composite",
						"models": [
							{
								"type": "model",
								"model": "item/shield/fire_blocking"
							},
							{
								"type": "model",
								"model": "barely_default:item/shield/gold/shield_painting_blocking"
							}
						]
					}
				},
				{
					"when": "Finding",
					"model": {
						"type": "composite",
						"models": [
							{
								"type": "model",
								"model": "item/shield/finding_blocking"
							},
							{
								"type": "model",
								"model": "barely_default:item/shield/gold/shield_painting_blocking"
							}
						]
					}
				},
				{
					"when": "Fighters",
					"model": {
						"type": "composite",
						"models": [
							{
								"type": "model",
								"model": "item/shield/fighters_blocking"
							},
							{
								"type": "model",
								"model": "barely_default:item/shield/gold/shield_painting_blocking"
							}
						]
					}
				},
				{
					"when": "Fern",
					"model": {
						"type": "composite",
						"models": [
							{
								"type": "model",
								"model": "item/shield/fern_blocking"
							},
							{
								"type": "model",
								"model": "barely_default:item/shield/gold/shield_painting_blocking"
							}
						]
					}
				},
				{
					"when": "Endboss",
					"model": {
						"type": "composite",
						"models": [
							{
								"type": "model",
								"model": "item/shield/endboss_blocking"
							},
							{
								"type": "model",
								"model": "barely_default:item/shield/gold/shield_painting_blocking"
							}
						]
					}
				},
				{
					"when": "Earth",
					"model": {
						"type": "composite",
						"models": [
							{
								"type": "model",
								"model": "item/shield/earth_blocking"
							},
							{
								"type": "model",
								"model": "barely_default:item/shield/gold/shield_painting_blocking"
							}
						]
					}
				},
				{
					"when": "Donkey Kong",
					"model": {
						"type": "composite",
						"models": [
							{
								"type": "model",
								"model": "item/shield/donkey_kong_blocking"
							},
							{
								"type": "model",
								"model": "barely_default:item/shield/gold/shield_painting_blocking"
							}
						]
					}
				},
				{
					"when": "Dennis",
					"model": {
						"type": "composite",
						"models": [
							{
								"type": "model",
								"model": "item/shield/dennis_blocking"
							},
							{
								"type": "model",
								"model": "barely_default:item/shield/gold/shield_painting_blocking"
							}
						]
					}
				},
				{
					"when": "Creebet",
					"model": {
						"type": "composite",
						"models": [
							{
								"type": "model",
								"model": "item/shield/creebet_blocking"
							},
							{
								"type": "model",
								"model": "barely_default:item/shield/gold/shield_painting_blocking"
							}
						]
					}
				},
				{
					"when": "Courbet",
					"model": {
						"type": "composite",
						"models": [
							{
								"type": "model",
								"model": "item/shield/courbet_blocking"
							},
							{
								"type": "model",
								"model": "barely_default:item/shield/gold/shield_painting_blocking"
							}
						]
					}
				},
				{
					"when": "Cotan",
					"model": {
						"type": "composite",
						"models": [
							{
								"type": "model",
								"model": "item/shield/cotan_blocking"
							},
							{
								"type": "model",
								"model": "barely_default:item/shield/gold/shield_painting_blocking"
							}
						]
					}
				},
				{
					"when": "Changing",
					"model": {
						"type": "composite",
						"models": [
							{
								"type": "model",
								"model": "item/shield/changing_blocking"
							},
							{
								"type": "model",
								"model": "barely_default:item/shield/gold/shield_painting_blocking"
							}
						]
					}
				},
				{
					"when": "Cavebird",
					"model": {
						"type": "composite",
						"models": [
							{
								"type": "model",
								"model": "item/shield/cavebird_blocking"
							},
							{
								"type": "model",
								"model": "barely_default:item/shield/gold/shield_painting_blocking"
							}
						]
					}
				},
				{
					"when": "Bust",
					"model": {
						"type": "composite",
						"models": [
							{
								"type": "model",
								"model": "item/shield/bust_blocking"
							},
							{
								"type": "model",
								"model": "barely_default:item/shield/gold/shield_painting_blocking"
							}
						]
					}
				},
				{
					"when": "Burning Skull",
					"model": {
						"type": "composite",
						"models": [
							{
								"type": "model",
								"model": "item/shield/burning_skull_blocking"
							},
							{
								"type": "model",
								"model": "barely_default:item/shield/gold/shield_painting_blocking"
							}
						]
					}
				},
				{
					"when": "Bouquet",
					"model": {
						"type": "composite",
						"models": [
							{
								"type": "model",
								"model": "item/shield/bouquet_blocking"
							},
							{
								"type": "model",
								"model": "barely_default:item/shield/gold/shield_painting_blocking"
							}
						]
					}
				},
				{
					"when": "Baroque",
					"model": {
						"type": "composite",
						"models": [
							{
								"type": "model",
								"model": "item/shield/baroque_blocking"
							},
							{
								"type": "model",
								"model": "barely_default:item/shield/gold/shield_painting_blocking"
							}
						]
					}
				},
				{
					"when": "Backyard",
					"model": {
						"type": "composite",
						"models": [
							{
								"type": "model",
								"model": "item/shield/backyard_blocking"
							},
							{
								"type": "model",
								"model": "barely_default:item/shield/gold/shield_painting_blocking"
							}
						]
					}
				},
				{
					"when": "Graham",
					"model": {
						"type": "composite",
						"models": [
							{
								"type": "model",
								"model": "item/shield/graham_blocking"
							},
							{
								"type": "model",
								"model": "barely_default:item/shield/gold/shield_painting_blocking"
							}
						]
					}
				},
				{
					"when": "Royal Shield",
					"model": {
						"type": "model",
						"model": "barely_default:item/shield/gold/royal_shield_blocking"
					}
				},
				{
					"when": "Trial Shield",
					"model": {
						"type": "model",
						"model": "barely_default:item/shield/gold/trial_shield_blocking"
					}
				},
				{
					"when": "Piglin Shield",
					"model": {
						"type": "model",
						"model": "barely_default:item/shield/gold/piglin_shield_blocking"
					}
				},
				{
					"when": "Vanguard Shield",
					"model": {
						"type": "model",
						"model": "barely_default:item/shield/gold/vanguard_shield_blocking"
					}
				}
			],
			"fallback": {
				"type": "condition",
				"property": "has_component",
				"component": "base_color",
				"on_true": {
					"type": "composite",
					"models": [
						{
							"type": "special",
							"base": "item/shield/shield_blocking",
							"model": {
								"type": "shield"
							}
						},
						{
							"type": "model",
							"model": "barely_default:item/shield/gold/shield_banner_blocking"
						}
					]
				},
				"on_false": {
					"type": "model",
					"model": "barely_default:item/shield/gold/shield_blocking"
				}
			}
		},
		"property": "using_item"
	}
}