{
	"oversized_in_gui": true,
	"model": {
		"type": "select",
		"property": "component",
		"component": "custom_name",
		"cases": [
			{
				"when": "Sconce",
				"model": {
					"type": "select",
					"property": "display_context",
					"cases": [
						{
							"when": [
								"firstperson_lefthand",
								"firstperson_righthand",
								"thirdperson_lefthand",
								"thirdperson_righthand"
							],
							"model": {
								"type": "composite",
								"models": [
									{
										"type": "model",
										"model": "barely_default:item/healing_staff/healing_staff_sconce_charging"
									},
									{
										"type": "model",
										"model": "barely_default:item/healing_staff/healing_staff_sconce_orb_charging"
									}
								]
							}
						}
					],
					"fallback": {
						"type": "model",
						"model": "barely_default:item/healing_staff/healing_staff_sconce_charging"
					}
				}
			},
			{
				"when": [
					"Resistance Blaster",
					"Blaster"
				],
				"model": {
					"type": "model",
					"model": "barely_default:item/healing_staff/healing_blaster_charging"
				}
			},
			{
				"when": "Medi Gun",
				"model": {
					"type": "model",
					"model": "barely_default:item/healing_staff/medi_gun_charging"
				}
			}
		],
		"fallback": {
			"type": "model",
			"model": "barely_default:item/healing_staff/healing_staff_charging"
		}
	}
}