{
	"model": {
		"type": "range_dispatch",
		"property": "count",
		"scale": 64,
		"entries": [
			{
				"threshold": 0,
				"model": {
					"type": "model",
					"model": "barely_default:item/honeyball/honeyball_1"
				}
			},
			{
				"threshold": 22,
				"model": {
					"type": "model",
					"model": "barely_default:item/honeyball/honeyball_2"
				}
			},
			{
				"threshold": 43,
				"model": {
					"type": "model",
					"model": "barely_default:item/honeyball/honeyball_3"
				}
			}
		],
		"fallback": {
			"type": "model",
			"model": "barely_default:item/honeyball/honeyball_1"
		}
	}
}