{
	"model": {
		"type": "condition",
		"on_false": {
			"type": "select",
			"property": "display_context",
			"cases": [
				{
					"when": [
						"firstperson_righthand",
						"thirdperson_righthand",
						"fixed"
					],
					"model": {
						"type": "model",
						"model": "barely_default:item/king_crab_claw/king_crab_claw_right"
					}
				}
			],
			"fallback": {
				"type": "model",
				"model": "barely_default:item/king_crab_claw/king_crab_claw_left"
			}
		},
		"on_true": {
			"type": "select",
			"property": "display_context",
			"cases": [
				{
					"when": [
						"firstperson_righthand",
						"thirdperson_righthand",
						"fixed"
					],
					"model": {
						"type": "model",
						"model": "barely_default:item/king_crab_claw/king_crab_claw_right_blocking"
					}
				}
			],
			"fallback": {
				"type": "model",
				"model": "barely_default:item/king_crab_claw/king_crab_claw_left_blocking"
			}
		},
		"property": "using_item"
	}
}