{
	"model": {
		"type": "composite",
		"models": [
			{
				"type": "model",
				"model": "barely_default:item/mind_control_chip/mind_control_chip"
			},
			{
				"type": "select",
				"property": "display_context",
				"cases": [
					{
						"when": "head",
						"model": {
							"type": "select",
							"property": "context_entity_type",
							"cases": [
								{
									"when": "zombie",
									"model": {
										"type": "model",
										"model": "barely_default:item/mind_control_chip/mind_control_chip_zombie_eyes"
									}
								},
								{
									"when": "skeleton",
									"model": {
										"type": "model",
										"model": "barely_default:item/mind_control_chip/mind_control_chip_skeleton_eyes"
									}
								},
								{
									"when": "drowned",
									"model": {
										"type": "model",
										"model": "barely_default:item/mind_control_chip/mind_control_chip_drowned_eyes"
									}
								},
								{
									"when": "player",
									"model": {
										"type": "model",
										"model": "barely_default:item/mind_control_chip/mind_control_chip_head_set"
									}
								}
							],
							"fallback": {
								"type": "empty"
							}
						}
					}
				],
				"fallback": {
					"type": "empty"
				}
			}
		]
	}
}