{
	"oversized_in_gui": true,
	"model": {
			"type": "select",
			"property": "component",
			"component": "custom_name",
			"cases": [
				{
					"when": "Sconce",
					"model": {
						"type": "composite",
						"models": [
							{
								"type": "model",
								"model": "barely_default:item/sconce/nameless_staff_sconce"
							},
							{
								"type": "select",
								"property": "display_context",
								"cases": [
									{
										"when": [
											"firstperson_lefthand",
											"firstperson_righthand",
											"thirdperson_lefthand",
											"thirdperson_righthand"
										],
										"model": {
											"type": "model",
											"model": "barely_default:item/sconce/nameless_staff_sconce_orb_1_1"
										}
									}
								],
								"fallback": {
									"type": "empty"
								}
							}
						]
					}
				},
				{
					"when": [
						"Nameless Blaster",
						"Blaster"
					],
					"model": {
						"type": "model",
						"model": "barely_default:item/nameless_staff/nameless_blaster_1_1"
					}
				},
				{
					"when": [
						"Nameless Tome",
						"Tome"
					],
					"model": {
						"type": "composite",
						"models": [
							{
								"type": "model",
								"model": "barely_default:item/nameless_staff/nameless_tome"
							},
							{
								"type": "model",
								"model": "barely_default:item/nameless_staff/nameless_tome_lining"
							},
							{
								"type": "model",
								"model": "barely_default:item/nameless_staff/nameless_tome_crown"
							}
						]
					}
				}
			],
			"fallback": {
				"type": "model",
				"model": "barely_default:item/nameless_staff/nameless_staff_1_1"
			}
		}
}