{
	"oversized_in_gui": true,
	"model": {
		"type": "select",
		"property": "component",
		"component": "custom_name",
		"cases": [
			{
				"when": "Kritzkrieg",
				"model": {
					"type": "composite",
					"models": [
						{
							"type": "model",
							"model": "barely_default:item/healing_staff/medi_gun"
						},
						{
							"type": "model",
							"model": "barely_default:item/power_staff/kritzkrieg"
						}
					]
				}
			},
			{
				"when": "Sconce",
				"model": {
					"type": "model",
					"model": "barely_default:item/power_staff/power_staff_sconce"
				}
			},
			{
				"when": [
					"Power Blaster",
					"Blaster"
				],
				"model": {
					"type": "model",
					"model": "barely_default:item/power_staff/power_blaster"
				}
			}
		],
		"fallback": {
			"type": "model",
			"model": "barely_default:item/power_staff/power_staff"
		}
	}
}