{
	"oversized_in_gui": true,
	"model": {
			"type": "select",
			"property": "component",
			"component": "custom_name",
	  		"cases": [
					{
				"when": "Kritzkrieg",
				"model": {
					"type": "composite",
					"models": [
						{
							"type": "model",
							"model": "barely_default:item/healing_staff/medi_gun_charging"
						},
						{
							"type": "model",
							"model": "barely_default:item/power_staff/kritzkrieg_charging"
						}
					]
				}
			},
					{
					"when": "Sconce",
					"model": {
						"type": "model",
						"model": "barely_default:item/power_staff/power_staff_sconce_charging"
					}
				},
					{
				"when": [
							"Power Blaster",
							"Blaster"
							],
				"model": {
					"type": "model",
					"model": "barely_default:item/power_staff/power_blaster_charging"
			 			}
					}
		  		],
			"fallback": {
				"type": "model",
				"model": "barely_default:item/power_staff/power_staff_charging"
					}
				}
}