{
	"oversized_in_gui": true,
	"model": {
			"type": "select",
			"property": "component",
			"component": "custom_name",
	  		"cases": [
					{
					"when": "Sconce",
					"model": {
						"type": "model",
						"model": "barely_default:item/protection_staff/protection_staff_sconce_charging"
					}
				},
					{
				"when": [
							"Protection Blaster",
							"Blaster"
							],
				"model": {
					"type": "model",
					"model": "barely_default:item/protection_staff/protection_blaster_charging"
			 			}
					}
		  		],
			"fallback": {
				"type": "model",
				"model": "barely_default:item/protection_staff/protection_staff_charging"
					}
				}
}