{
	"credit": "Created by Mickey Joe and CYKLOPPS for the Barely Default Datapack",
	"texture_size": [32, 32],
	"textures": {
		"particle": "barely_default:item/black_butterfly_flapping"
	},
	"elements": [
		{
			"from": [7.5, 5, 7.5],
			"to": [8.5, 12, 8.5],
			"rotation": {"angle": 0, "axis": "y", "origin": [6.5, 5, 7.5]},
			"faces": {
				"north": {"uv": [0.5, 0, 1, 3.5], "texture": "#particle"},
				"east": {"uv": [0, 0, 0.5, 3.5], "texture": "#particle"},
				"south": {"uv": [0.5, 0, 1, 3.5], "texture": "#particle"},
				"west": {"uv": [0, 0, 0.5, 3.5], "texture": "#particle"},
				"down": {"uv": [0, 3, 0.5, 3.5], "texture": "#particle"}
			}
		},
		{
			"from": [7.5, 10, 7.5],
			"to": [8.5, 10, 8.5],
			"rotation": {"angle": 0, "axis": "y", "origin": [6.5, 5, 7.5]},
			"faces": {
				"up": {"uv": [0, 1, 0.5, 1.5], "texture": "#particle"}
			}
		},
		{
			"name": "left_butterfly_wing",
			"from": [-5.5, 0, 8],
			"to": [7.5, 16, 8],
			"rotation": {"angle": -22.5, "axis": "y", "origin": [7.5, 8, 8]},
			"faces": {
				"north": {"uv": [1.5, 0, 8, 8], "texture": "#particle"},
				"south": {"uv": [8, 0, 1.5, 8], "texture": "#particle"}
			}
		},
		{
			"name": "left_butterfly_wing",
			"from": [8.5, 0, 8],
			"to": [21.5, 16, 8],
			"rotation": {"angle": 22.5, "axis": "y", "origin": [8.5, 8, 8]},
			"faces": {
				"north": {"uv": [8, 0, 1.5, 8], "texture": "#particle"},
				"south": {"uv": [1.5, 0, 8, 8], "texture": "#particle"}
			}
		},
		{
			"name": "left_butterfly_wing",
			"from": [8.5, 0, 8],
			"to": [21.5, 16, 8],
			"rotation": {"angle": -22.5, "axis": "y", "origin": [8.5, 8, 8]},
			"faces": {
				"north": {"uv": [16, 8, 9.5, 16], "texture": "#particle"},
				"south": {"uv": [9.5, 8, 16, 16], "texture": "#particle"}
			}
		},
		{
			"name": "left_butterfly_wing",
			"from": [-5.5, 0, 8],
			"to": [7.5, 16, 8],
			"rotation": {"angle": 22.5, "axis": "y", "origin": [7.5, 8, 8]},
			"faces": {
				"north": {"uv": [9.5, 8, 16, 16], "texture": "#particle"},
				"south": {"uv": [16, 8, 9.5, 16], "texture": "#particle"}
			}
		}
	],
	"gui_light": "front",
	"display": {
		"thirdperson_righthand": {
			"translation": [0, -1.5, -0.75],
			"scale": [0.55, 0.55, 0.55]
		},
		"thirdperson_lefthand": {
			"translation": [0, -1.5, -0.75],
			"scale": [0.55, 0.55, 0.55]
		},
		"firstperson_righthand": {
			"rotation": [0, -90, 25],
			"translation": [1.13, 3.2, 1.13],
			"scale": [0.6, 0.6, 0.6]
		},
		"firstperson_lefthand": {
			"rotation": [0, -90, 25],
			"translation": [1.13, 3.2, 1.13],
			"scale": [0.6, 0.6, 0.6]
		},
		"ground": {
			"rotation": [47, 0, 0],
			"translation": [0, 2.75, 0],
			"scale": [0.5, 0.5, 0.5]
		},
		"gui": {
			"rotation": [38, 36, -6],
			"translation": [-0.25, 0, 0],
			"scale": [0.8, 0.8, 0.8]
		},
		"head": {
			"rotation": [132, 0, -180],
			"translation": [0, 9, 6]
		},
		"fixed": {
			"rotation": [-28, 180, 0],
			"translation": [0, 0, -2.01]
		}
	}
}