{
	"credit": "Created by Mickey Joe and CYKLOPPS for the Barely Default Datapack",
	"texture_size": [32, 32],
	"textures": {
		"particle": "barely_default:item/butterfly_blaster"
	},
	"elements": [
		{
			"from": [4, -1, 3],
			"to": [12, 7, 11],
			"rotation": {"angle": 0, "axis": "y", "origin": [9, 0, 9]},
			"faces": {
				"north": {"uv": [0, 4, 4, 8], "texture": "#particle"},
				"east": {"uv": [8, 0, 4, 4], "texture": "#particle"},
				"south": {"uv": [0, 4, 4, 0], "texture": "#particle"},
				"west": {"uv": [4, 0, 8, 4], "texture": "#particle"},
				"up": {"uv": [4, 4, 0, 0], "texture": "#particle"},
				"down": {"uv": [4, 0, 0, 4], "texture": "#particle"}
			}
		},
		{
			"from": [2, 0, -1],
			"to": [4, 6, 12],
			"rotation": {"angle": 0, "axis": "y", "origin": [9, 0, 9]},
			"faces": {
				"north": {"uv": [15, 3, 16, 6], "texture": "#particle"},
				"east": {"uv": [16, 0, 9.5, 3], "texture": "#particle"},
				"south": {"uv": [14, 3, 15, 6], "texture": "#particle"},
				"west": {"uv": [9.5, 0, 16, 3], "texture": "#particle"},
				"up": {"uv": [13, 12.5, 12, 6], "texture": "#particle"},
				"down": {"uv": [12, 6, 11, 12.5], "texture": "#particle"}
			}
		},
		{
			"from": [12, 0, -1],
			"to": [14, 6, 12],
			"rotation": {"angle": 0, "axis": "y", "origin": [7, 0, 9]},
			"faces": {
				"north": {"uv": [16, 3, 15, 6], "texture": "#particle"},
				"east": {"uv": [16, 0, 9.5, 3], "texture": "#particle"},
				"south": {"uv": [15, 3, 14, 6], "texture": "#particle"},
				"west": {"uv": [9.5, 0, 16, 3], "texture": "#particle"},
				"up": {"uv": [12, 12.5, 13, 6], "texture": "#particle"},
				"down": {"uv": [11, 6, 12, 12.5], "texture": "#particle"}
			}
		},
		{
			"from": [5, 3, 11],
			"to": [11, 10, 21],
			"rotation": {"angle": 0, "axis": "y", "origin": [9, 0, 17]},
			"faces": {
				"north": {"uv": [2, 12.5, 5, 16], "texture": "#particle"},
				"east": {"uv": [10, 12.5, 5, 16], "texture": "#particle"},
				"south": {"uv": [10, 12.5, 13, 16], "texture": "#particle"},
				"west": {"uv": [5, 12.5, 10, 16], "texture": "#particle"},
				"up": {"uv": [16, 16, 13, 11], "texture": "#particle"},
				"down": {"uv": [16, 6, 13, 11], "texture": "#particle"}
			}
		},
		{
			"from": [5, 0, 11],
			"to": [5, 3, 16],
			"rotation": {"angle": 0, "axis": "y", "origin": [9, 0, 17]},
			"faces": {
				"east": {"uv": [11, 3, 8.5, 4.5], "texture": "#particle"},
				"west": {"uv": [8.5, 3, 11, 4.5], "texture": "#particle"}
			}
		},
		{
			"from": [11, 0, 11],
			"to": [11, 3, 16],
			"rotation": {"angle": 0, "axis": "y", "origin": [15, 0, 17]},
			"faces": {
				"east": {"uv": [11, 3, 8.5, 4.5], "texture": "#particle"},
				"west": {"uv": [8.5, 3, 11, 4.5], "texture": "#particle"}
			}
		},
		{
			"from": [11, 6, 8],
			"to": [5, 0, 3],
			"rotation": {"angle": 0, "axis": "y", "origin": [15, 6, 8]},
			"faces": {
				"north": {"uv": [13.5, 5.5, 14, 6], "texture": "#particle"},
				"east": {"uv": [11, 3, 14, 5.5], "rotation": 90, "texture": "#particle"},
				"west": {"uv": [11, 5.5, 14, 3], "rotation": 90, "texture": "#particle"},
				"up": {"uv": [11, 3, 14, 5.5], "texture": "#particle"},
				"down": {"uv": [11, 5.5, 14, 3], "texture": "#particle"}
			}
		},
		{
			"from": [3, -2, 5],
			"to": [13, 8, 7],
			"rotation": {"angle": 0, "axis": "y", "origin": [3, 6, 5]},
			"faces": {
				"north": {"uv": [6, 7.5, 11, 12.5], "texture": "#particle"},
				"east": {"uv": [1, 10.5, 6, 11.5], "rotation": 90, "texture": "#particle"},
				"south": {"uv": [11, 7.5, 6, 12.5], "texture": "#particle"},
				"west": {"uv": [1, 10.5, 6, 11.5], "rotation": 90, "texture": "#particle"},
				"up": {"uv": [6, 12.5, 1, 11.5], "texture": "#particle"},
				"down": {"uv": [6, 11.5, 1, 12.5], "texture": "#particle"}
			}
		},
		{
			"from": [9, -3, 3],
			"to": [10, -1, 3],
			"rotation": {"angle": 0, "axis": "y", "origin": [9, -3, 3]},
			"faces": {
				"north": {"uv": [8.5, 0.5, 9, 1.5], "texture": "#particle"},
				"south": {"uv": [8.5, 0.5, 9, 1.5], "texture": "#particle"}
			}
		},
		{
			"from": [5, 2, 4],
			"to": [9, 6, 4],
			"rotation": {"angle": -45, "axis": "y", "origin": [5, 2, 4]},
			"faces": {
				"north": {"uv": [7.5, 4.5, 5.5, 6.5], "texture": "#particle"},
				"south": {"uv": [7.5, 4.5, 5.5, 6.5], "texture": "#particle"}
			}
		}
	],
	"display": {
		"thirdperson_righthand": {
			"rotation": [0, 0, -5],
			"translation": [0.75, 2.75, -1],
			"scale": [0.85, 0.85, 0.85]
		},
		"thirdperson_lefthand": {
			"rotation": [0, 0, -5],
			"translation": [0.75, 2.75, -1],
			"scale": [0.85, 0.85, 0.85]
		},
		"firstperson_righthand": {
			"rotation": [17, 0, 0],
			"translation": [3.5, 4.6, -1.95],
			"scale": [0.68, 0.68, 0.68]
		},
		"firstperson_lefthand": {
			"rotation": [17, 0, 0],
			"translation": [3.5, 4.6, -1.95],
			"scale": [0.68, 0.68, 0.68]
		},
		"ground": {
			"rotation": [45, 0, 0],
			"translation": [0, 5.75, 0],
			"scale": [0.5, 0.5, 0.5]
		},
		"gui": {
			"rotation": [118, -35, 81],
			"translation": [-1.05, 1.5, 0],
			"scale": [0.73, 0.73, 0.73]
		},
		"fixed": {
			"rotation": [66, 35, -72],
			"translation": [0.5, 4, -6]
		}
	}
}