{
	"credit": "Created by Mickey Joe and CYKLOPPS for the Barely Default Datapack",
	"texture_size": [32, 32],
	"textures": {
		"particle": "barely_default:item/butterfly_net"
	},
	"elements": [
		{
			"name": "bug_net_0",
			"from": [-2.7, 9.25, 7],
			"to": [-0.7, 19.25, 8],
			"rotation": {"angle": -45, "axis": "z", "origin": [7.8, 8.5, 7.5]},
			"faces": {
				"north": {"uv": [16, 0, 11, 1], "rotation": 90, "texture": "#particle"},
				"east": {"uv": [11, 0.5, 16, 1], "rotation": 270, "texture": "#particle"},
				"south": {"uv": [11, 0, 16, 1], "rotation": 270, "texture": "#particle"},
				"west": {"uv": [11, 0, 16, 0.5], "rotation": 270, "texture": "#particle"},
				"up": {"uv": [15.5, 0, 16, 1], "rotation": 270, "texture": "#particle"},
				"down": {"uv": [11, 0, 11.5, 1], "rotation": 270, "texture": "#particle"}
			}
		},
		{
			"name": "bug_net_1",
			"from": [-1.7, 8.25, 7],
			"to": [9.3, 9.25, 8],
			"rotation": {"angle": -45, "axis": "z", "origin": [7.8, 8.5, 7.5]},
			"faces": {
				"north": {"uv": [11, 0.5, 10.5, 6], "rotation": 90, "texture": "#particle"},
				"east": {"uv": [10.5, 5.5, 11, 6], "rotation": 270, "texture": "#particle"},
				"south": {"uv": [10.5, 0.5, 11, 6], "rotation": 270, "texture": "#particle"},
				"west": {"uv": [10.5, 0.5, 11, 1], "rotation": 270, "texture": "#particle"},
				"up": {"uv": [10.5, 0.5, 11, 6], "rotation": 270, "texture": "#particle"},
				"down": {"uv": [10.5, 0.5, 11, 6], "rotation": 270, "texture": "#particle"}
			}
		},
		{
			"name": "bug_net_2",
			"from": [-0.7, 9.25, 7],
			"to": [8.3, 10.25, 8],
			"rotation": {"angle": -45, "axis": "z", "origin": [7.8, 8.5, 7.5]},
			"faces": {
				"north": {"uv": [11.5, 1, 11, 5.5], "rotation": 90, "texture": "#particle"},
				"east": {"uv": [11, 5, 11.5, 5.5], "rotation": 270, "texture": "#particle"},
				"south": {"uv": [11, 1, 11.5, 5.5], "rotation": 270, "texture": "#particle"},
				"up": {"uv": [11, 1, 11.5, 5.5], "rotation": 270, "texture": "#particle"}
			}
		},
		{
			"name": "bug_net_3",
			"from": [-0.7, 17.25, 7],
			"to": [7.3, 19.25, 8],
			"rotation": {"angle": -45, "axis": "z", "origin": [7.8, 8.5, 7.5]},
			"faces": {
				"north": {"uv": [16, 1, 15, 5], "rotation": 90, "texture": "#particle"},
				"east": {"uv": [15, 4.5, 16, 5], "rotation": 270, "texture": "#particle"},
				"south": {"uv": [15, 1, 16, 5], "rotation": 270, "texture": "#particle"},
				"up": {"uv": [15.5, 1, 16, 5], "rotation": 270, "texture": "#particle"},
				"down": {"uv": [15, 1, 15.5, 5], "rotation": 270, "texture": "#particle"}
			}
		},
		{
			"name": "bug_net_3",
			"from": [-1.7, 9.25, 8],
			"to": [7.3, 18.25, 16],
			"rotation": {"angle": -45, "axis": "z", "origin": [7.8, 8.5, 8.5]},
			"faces": {
				"east": {"uv": [7.5, 16, 11.5, 11.5], "texture": "#particle"},
				"south": {"uv": [11.5, 11.5, 16, 16], "texture": "#particle"},
				"west": {"uv": [11.5, 16, 7.5, 11.5], "texture": "#particle"},
				"up": {"uv": [11.5, 16, 7.5, 11.5], "rotation": 90, "texture": "#particle"},
				"down": {"uv": [11.5, 16, 7.5, 11.5], "rotation": 270, "texture": "#particle"}
			}
		},
		{
			"name": "bug_net_3",
			"from": [11.05, 9.25, 16],
			"to": [2.05, 0.25, 8],
			"rotation": {"angle": -45, "axis": "z", "origin": [20.55, 8.5, 16.5]},
			"faces": {
				"north": {"uv": [16, 11.5, 11.5, 16], "texture": "#particle"},
				"east": {"uv": [11.5, 11.5, 7.5, 16], "texture": "#particle"},
				"west": {"uv": [7.5, 11.5, 11.5, 16], "texture": "#particle"},
				"up": {"uv": [7.5, 16, 11.5, 11.5], "rotation": 90, "texture": "#particle"},
				"down": {"uv": [7.5, 16, 11.5, 11.5], "rotation": 270, "texture": "#particle"}
			}
		},
		{
			"name": "bug_net_4",
			"from": [6.3, 10.25, 7],
			"to": [8.3, 17.25, 8],
			"rotation": {"angle": -45, "axis": "z", "origin": [7.8, 8.5, 7.5]},
			"faces": {
				"north": {"uv": [15, 4.5, 11.5, 5.5], "rotation": 90, "texture": "#particle"},
				"east": {"uv": [11.5, 5, 15, 5.5], "rotation": 270, "texture": "#particle"},
				"south": {"uv": [11.5, 4.5, 15, 5.5], "rotation": 270, "texture": "#particle"},
				"west": {"uv": [11.5, 4.5, 15, 5], "rotation": 270, "texture": "#particle"}
			}
		},
		{
			"name": "bug_net_5",
			"from": [7.3, 7.25, 7],
			"to": [10.3, 8.25, 8],
			"rotation": {"angle": -45, "axis": "z", "origin": [7.8, 8.5, 7.5]},
			"faces": {
				"north": {"uv": [10.5, 5, 10, 6.5], "rotation": 90, "texture": "#particle"},
				"east": {"uv": [10, 6, 10.5, 6.5], "rotation": 270, "texture": "#particle"},
				"south": {"uv": [10, 5, 10.5, 6.5], "rotation": 270, "texture": "#particle"},
				"west": {"uv": [10, 5, 10.5, 5.5], "rotation": 270, "texture": "#particle"},
				"up": {"uv": [10, 5, 10.5, 6.5], "rotation": 270, "texture": "#particle"},
				"down": {"uv": [10, 5, 10.5, 6.5], "rotation": 270, "texture": "#particle"}
			}
		},
		{
			"name": "bug_net_6",
			"from": [7.3, 17.25, 7],
			"to": [8.3, 18.25, 8],
			"rotation": {"angle": -45, "axis": "z", "origin": [7.8, 8.5, 7.5]},
			"faces": {
				"north": {"uv": [15.5, 5, 15, 5.5], "rotation": 90, "texture": "#particle"},
				"east": {"uv": [15, 5, 15.5, 5.5], "rotation": 270, "texture": "#particle"},
				"south": {"uv": [15, 5, 15.5, 5.5], "rotation": 270, "texture": "#particle"},
				"up": {"uv": [15, 5, 15.5, 5.5], "rotation": 270, "texture": "#particle"}
			}
		},
		{
			"name": "bug_net_7",
			"from": [8.3, 6.25, 7],
			"to": [11.3, 7.25, 8],
			"rotation": {"angle": -45, "axis": "z", "origin": [7.8, 8.5, 7.5]},
			"faces": {
				"north": {"uv": [10, 5.5, 9.5, 7], "rotation": 90, "texture": "#particle"},
				"east": {"uv": [9.5, 6.5, 10, 7], "rotation": 270, "texture": "#particle"},
				"south": {"uv": [9.5, 5.5, 10, 7], "rotation": 270, "texture": "#particle"},
				"west": {"uv": [9.5, 5.5, 10, 6], "rotation": 270, "texture": "#particle"},
				"up": {"uv": [9.5, 5.5, 10, 7], "rotation": 270, "texture": "#particle"},
				"down": {"uv": [9.5, 5.5, 10, 7], "rotation": 270, "texture": "#particle"}
			}
		},
		{
			"name": "bug_net_8",
			"from": [9.3, 5.25, 7],
			"to": [12.3, 6.25, 8],
			"rotation": {"angle": -45, "axis": "z", "origin": [7.8, 8.5, 7.5]},
			"faces": {
				"north": {"uv": [9.5, 6, 9, 7.5], "rotation": 90, "texture": "#particle"},
				"east": {"uv": [9, 7, 9.5, 7.5], "rotation": 270, "texture": "#particle"},
				"south": {"uv": [9, 6, 9.5, 7.5], "rotation": 270, "texture": "#particle"},
				"west": {"uv": [9, 6, 9.5, 6.5], "rotation": 270, "texture": "#particle"},
				"up": {"uv": [9, 6, 9.5, 7.5], "rotation": 270, "texture": "#particle"},
				"down": {"uv": [9, 6, 9.5, 7.5], "rotation": 270, "texture": "#particle"}
			}
		},
		{
			"name": "bug_net_9",
			"from": [10.3, 4.25, 7],
			"to": [13.3, 5.25, 8],
			"rotation": {"angle": -45, "axis": "z", "origin": [7.8, 8.5, 7.5]},
			"faces": {
				"north": {"uv": [9, 6.5, 8.5, 8], "rotation": 90, "texture": "#particle"},
				"east": {"uv": [8.5, 7.5, 9, 8], "rotation": 270, "texture": "#particle"},
				"south": {"uv": [8.5, 6.5, 9, 8], "rotation": 270, "texture": "#particle"},
				"west": {"uv": [8.5, 6.5, 9, 7], "rotation": 270, "texture": "#particle"},
				"up": {"uv": [8.5, 6.5, 9, 8], "rotation": 270, "texture": "#particle"},
				"down": {"uv": [8.5, 6.5, 9, 8], "rotation": 270, "texture": "#particle"}
			}
		},
		{
			"name": "bug_net_10",
			"from": [11.3, 3.25, 7],
			"to": [14.3, 4.25, 8],
			"rotation": {"angle": -45, "axis": "z", "origin": [7.8, 8.5, 7.5]},
			"faces": {
				"north": {"uv": [8.5, 7, 8, 8.5], "rotation": 90, "texture": "#particle"},
				"east": {"uv": [8, 8, 8.5, 8.5], "rotation": 270, "texture": "#particle"},
				"south": {"uv": [8, 7, 8.5, 8.5], "rotation": 270, "texture": "#particle"},
				"west": {"uv": [8, 7, 8.5, 7.5], "rotation": 270, "texture": "#particle"},
				"up": {"uv": [8, 7, 8.5, 8.5], "rotation": 270, "texture": "#particle"},
				"down": {"uv": [8, 7, 8.5, 8.5], "rotation": 270, "texture": "#particle"}
			}
		},
		{
			"name": "bug_net_11",
			"from": [12.3, 2.25, 7],
			"to": [15.3, 3.25, 8],
			"rotation": {"angle": -45, "axis": "z", "origin": [7.8, 8.5, 7.5]},
			"faces": {
				"north": {"uv": [8, 7.5, 7.5, 9], "rotation": 90, "texture": "#particle"},
				"east": {"uv": [7.5, 8.5, 8, 9], "rotation": 270, "texture": "#particle"},
				"south": {"uv": [7.5, 7.5, 8, 9], "rotation": 270, "texture": "#particle"},
				"west": {"uv": [7.5, 7.5, 8, 8], "rotation": 270, "texture": "#particle"},
				"up": {"uv": [7.5, 7.5, 8, 9], "rotation": 270, "texture": "#particle"},
				"down": {"uv": [7.5, 7.5, 8, 9], "rotation": 270, "texture": "#particle"}
			}
		},
		{
			"name": "bug_net_12",
			"from": [13.3, 1.25, 7],
			"to": [16.3, 2.25, 8],
			"rotation": {"angle": -45, "axis": "z", "origin": [7.8, 8.5, 7.5]},
			"faces": {
				"north": {"uv": [7.5, 8, 7, 9.5], "rotation": 90, "texture": "#particle"},
				"east": {"uv": [7, 9, 7.5, 9.5], "rotation": 270, "texture": "#particle"},
				"south": {"uv": [7, 8, 7.5, 9.5], "rotation": 270, "texture": "#particle"},
				"west": {"uv": [7, 8, 7.5, 8.5], "rotation": 270, "texture": "#particle"},
				"up": {"uv": [7, 8, 7.5, 9.5], "rotation": 270, "texture": "#particle"},
				"down": {"uv": [7, 8, 7.5, 9.5], "rotation": 270, "texture": "#particle"}
			}
		},
		{
			"name": "bug_net_13",
			"from": [14.3, 0.25, 7],
			"to": [17.3, 1.25, 8],
			"rotation": {"angle": -45, "axis": "z", "origin": [7.8, 8.5, 7.5]},
			"faces": {
				"north": {"uv": [7, 8.5, 6.5, 10], "rotation": 90, "texture": "#particle"},
				"east": {"uv": [6.5, 9.5, 7, 10], "rotation": 270, "texture": "#particle"},
				"south": {"uv": [6.5, 8.5, 7, 10], "rotation": 270, "texture": "#particle"},
				"west": {"uv": [6.5, 8.5, 7, 9], "rotation": 270, "texture": "#particle"},
				"up": {"uv": [6.5, 8.5, 7, 10], "rotation": 270, "texture": "#particle"},
				"down": {"uv": [6.5, 8.5, 7, 10], "rotation": 270, "texture": "#particle"}
			}
		},
		{
			"name": "bug_net_14",
			"from": [15.3, -0.75, 7],
			"to": [18.3, 0.25, 8],
			"rotation": {"angle": -45, "axis": "z", "origin": [7.8, 8.5, 7.5]},
			"faces": {
				"north": {"uv": [6.5, 9, 6, 10.5], "rotation": 90, "texture": "#particle"},
				"east": {"uv": [6, 10, 6.5, 10.5], "rotation": 270, "texture": "#particle"},
				"south": {"uv": [6, 9, 6.5, 10.5], "rotation": 270, "texture": "#particle"},
				"west": {"uv": [6, 9, 6.5, 9.5], "rotation": 270, "texture": "#particle"},
				"up": {"uv": [6, 9, 6.5, 10.5], "rotation": 270, "texture": "#particle"},
				"down": {"uv": [6, 9, 6.5, 10.5], "rotation": 270, "texture": "#particle"}
			}
		},
		{
			"name": "bug_net_15",
			"from": [16.3, -1.75, 7],
			"to": [18.3, -0.75, 8],
			"rotation": {"angle": -45, "axis": "z", "origin": [7.8, 8.5, 7.5]},
			"faces": {
				"north": {"uv": [6, 9.5, 5.5, 10.5], "rotation": 90, "texture": "#particle"},
				"east": {"uv": [5.5, 10, 6, 10.5], "rotation": 270, "texture": "#particle"},
				"south": {"uv": [5.5, 9.5, 6, 10.5], "rotation": 270, "texture": "#particle"},
				"west": {"uv": [5.5, 9.5, 6, 10], "rotation": 270, "texture": "#particle"},
				"down": {"uv": [5.5, 9.5, 6, 10.5], "rotation": 270, "texture": "#particle"}
			}
		}
	],
	"gui_light": "front",
	"display": {
		"thirdperson_righthand": {
			"rotation": [-6, 0, 0],
			"translation": [0, 4.25, 1.5],
			"scale": [0.85, 0.85, 0.85]
		},
		"thirdperson_lefthand": {
			"rotation": [-6, 0, 0],
			"translation": [0, 4.25, 1.5],
			"scale": [0.85, 0.85, 0.85]
		},
		"firstperson_righthand": {
			"rotation": [-11, 0, -13],
			"translation": [4.5, 4.35, 0.8],
			"scale": [0.68, 0.68, 0.68]
		},
		"firstperson_lefthand": {
			"rotation": [-11, 0, -13],
			"translation": [4.5, 4.35, 0.8],
			"scale": [0.68, 0.68, 0.68]
		},
		"ground": {
			"rotation": [45, 0, 0],
			"translation": [0, 4, 0],
			"scale": [0.5, 0.5, 0.5]
		},
		"gui": {
			"rotation": [-33, 164, 45],
			"translation": [-0.75, -0.25, 0],
			"scale": [0.78, 0.78, 0.78]
		},
		"fixed": {
			"rotation": [96, 45, -110],
			"translation": [0.5, 0.25, -4]
		}
	}
}