{
	"credit": "Created by Mickey Joe and CYKLOPPS for the Barely Default Datapack",
	"textures": {
		"particle": "barely_default:item/copper_butterfly_flapping"
	},
	"elements": [
		{
			"name": "body",
			"from": [7, 4, 8.5],
			"to": [9, 13, 10.5],
			"rotation": {"angle": 0, "axis": "y", "origin": [8, 8.25, 8.75]},
			"faces": {
				"north": {"uv": [6, 2, 8, 11], "texture": "#particle"},
				"east": {"uv": [4, 2, 6, 11], "texture": "#particle"},
				"south": {"uv": [2, 2, 4, 11], "texture": "#particle"},
				"west": {"uv": [0, 2, 2, 11], "texture": "#particle"},
				"down": {"uv": [6, 0, 4, 2], "rotation": 180, "texture": "#particle"}
			}
		},
		{
			"name": "body",
			"from": [7, 11, 8.5],
			"to": [9, 11, 10.5],
			"rotation": {"angle": 0, "axis": "y", "origin": [8, 8.25, 8.75]},
			"faces": {
				"up": {"uv": [4, 0, 2, 2], "rotation": 180, "texture": "#particle"}
			}
		},
		{
			"name": "right_butterfly_wing",
			"from": [1, 8, 8.5],
			"to": [7, 14, 9.5],
			"rotation": {"angle": 22.5, "axis": "y", "origin": [7, 8.25, 8.75]},
			"faces": {
				"north": {"uv": [10, 0, 16, 6], "texture": "#particle"},
				"east": {"uv": [11, 0, 10, 6], "texture": "#particle"},
				"south": {"uv": [16, 0, 10, 6], "texture": "#particle"},
				"west": {"uv": [16, 0, 15, 6], "texture": "#particle"},
				"up": {"uv": [10, 1, 16, 0], "rotation": 180, "texture": "#particle"},
				"down": {"uv": [10, 5, 16, 6], "rotation": 180, "texture": "#particle"}
			}
		},
		{
			"name": "right_butterfly_wing",
			"from": [2, 3, 7.5],
			"to": [7, 8, 8.5],
			"rotation": {"angle": 22.5, "axis": "y", "origin": [7, 8.25, 8.75]},
			"faces": {
				"north": {"uv": [0, 11, 5, 16], "texture": "#particle"},
				"east": {"uv": [1, 11, 0, 16], "texture": "#particle"},
				"south": {"uv": [5, 11, 0, 16], "texture": "#particle"},
				"west": {"uv": [5, 11, 4, 16], "texture": "#particle"},
				"up": {"uv": [0, 12, 5, 11], "rotation": 180, "texture": "#particle"},
				"down": {"uv": [0, 15, 5, 16], "rotation": 180, "texture": "#particle"}
			}
		},
		{
			"name": "right_butterfly_wing",
			"from": [1, 8, 8.5],
			"to": [7, 14, 9.5],
			"rotation": {"angle": -22.5, "axis": "y", "origin": [7, 8.25, 8.75]},
			"faces": {
				"north": {"uv": [10, 6, 16, 12], "texture": "#particle"},
				"east": {"uv": [11, 6, 10, 12], "texture": "#particle"},
				"south": {"uv": [16, 6, 10, 12], "texture": "#particle"},
				"west": {"uv": [16, 6, 15, 12], "texture": "#particle"},
				"up": {"uv": [10, 7, 16, 6], "rotation": 180, "texture": "#particle"},
				"down": {"uv": [10, 11, 16, 12], "rotation": 180, "texture": "#particle"}
			}
		},
		{
			"name": "right_butterfly_wing",
			"from": [2, 3, 7.5],
			"to": [7, 8, 8.5],
			"rotation": {"angle": -22.5, "axis": "y", "origin": [7, 8.25, 8.75]},
			"faces": {
				"north": {"uv": [5, 11, 10, 16], "texture": "#particle"},
				"east": {"uv": [6, 11, 5, 16], "texture": "#particle"},
				"south": {"uv": [10, 11, 5, 16], "texture": "#particle"},
				"west": {"uv": [10, 11, 9, 16], "texture": "#particle"},
				"up": {"uv": [5, 12, 10, 11], "rotation": 180, "texture": "#particle"},
				"down": {"uv": [5, 15, 10, 16], "rotation": 180, "texture": "#particle"}
			}
		},
		{
			"name": "left_butterfly_wing",
			"from": [9, 3, 7.5],
			"to": [14, 8, 8.5],
			"rotation": {"angle": -22.5, "axis": "y", "origin": [9, 8.25, 8.75]},
			"faces": {
				"north": {"uv": [5, 11, 0, 16], "texture": "#particle"},
				"east": {"uv": [4, 11, 5, 16], "texture": "#particle"},
				"south": {"uv": [0, 11, 5, 16], "texture": "#particle"},
				"west": {"uv": [0, 11, 1, 16], "texture": "#particle"},
				"up": {"uv": [5, 12, 0, 11], "rotation": 180, "texture": "#particle"},
				"down": {"uv": [5, 15, 0, 16], "rotation": 180, "texture": "#particle"}
			}
		},
		{
			"name": "left_butterfly_wing",
			"from": [9, 8, 8.5],
			"to": [15, 14, 9.5],
			"rotation": {"angle": -22.5, "axis": "y", "origin": [9, 8.25, 8.75]},
			"faces": {
				"north": {"uv": [16, 0, 10, 6], "texture": "#particle"},
				"east": {"uv": [15, 0, 16, 6], "texture": "#particle"},
				"south": {"uv": [10, 0, 16, 6], "texture": "#particle"},
				"west": {"uv": [10, 0, 11, 6], "texture": "#particle"},
				"up": {"uv": [16, 1, 10, 0], "rotation": 180, "texture": "#particle"},
				"down": {"uv": [16, 5, 10, 6], "rotation": 180, "texture": "#particle"}
			}
		},
		{
			"name": "left_butterfly_wing",
			"from": [9, 3, 7.5],
			"to": [14, 8, 8.5],
			"rotation": {"angle": 22.5, "axis": "y", "origin": [9, 8.25, 8.75]},
			"faces": {
				"north": {"uv": [10, 11, 5, 16], "texture": "#particle"},
				"east": {"uv": [9, 11, 10, 16], "texture": "#particle"},
				"south": {"uv": [5, 11, 10, 16], "texture": "#particle"},
				"west": {"uv": [5, 11, 6, 16], "texture": "#particle"},
				"up": {"uv": [10, 12, 5, 11], "rotation": 180, "texture": "#particle"},
				"down": {"uv": [10, 15, 5, 16], "rotation": 180, "texture": "#particle"}
			}
		},
		{
			"name": "left_butterfly_wing",
			"from": [9, 8, 8.5],
			"to": [15, 14, 9.5],
			"rotation": {"angle": 22.5, "axis": "y", "origin": [9, 8.25, 8.75]},
			"faces": {
				"north": {"uv": [16, 6, 10, 12], "texture": "#particle"},
				"east": {"uv": [15, 6, 16, 12], "texture": "#particle"},
				"south": {"uv": [10, 6, 16, 12], "texture": "#particle"},
				"west": {"uv": [10, 6, 11, 12], "texture": "#particle"},
				"up": {"uv": [16, 7, 10, 6], "rotation": 180, "texture": "#particle"},
				"down": {"uv": [16, 11, 10, 12], "rotation": 180, "texture": "#particle"}
			}
		}
	],
	"gui_light": "front",
	"display": {
		"thirdperson_righthand": {
			"rotation": [0, 180, 0],
			"translation": [0, 2.5, 1],
			"scale": [0.5, 0.5, 0.5]
		},
		"thirdperson_lefthand": {
			"rotation": [0, 180, 0],
			"translation": [0, 2.5, 1],
			"scale": [0.5, 0.5, 0.5]
		},
		"firstperson_righthand": {
			"rotation": [0, -90, 25],
			"translation": [1.13, 3.2, 1.13],
			"scale": [0.6, 0.6, 0.6]
		},
		"firstperson_lefthand": {
			"rotation": [0, -90, 25],
			"translation": [1.13, 3.2, 1.13],
			"scale": [0.6, 0.6, 0.6]
		},
		"ground": {
			"translation": [0, 2.75, 0],
			"scale": [0.5, 0.5, 0.5]
		},
		"gui": {
			"rotation": [-6, 26, 12],
			"translation": [0, -0.5, 0]
		},
		"head": {
			"rotation": [0, 180, 0],
			"translation": [0, -0.5, -6.75]
		},
		"fixed": {
			"rotation": [0, 180, 0],
			"translation": [0, 0, 0.24]
		}
	}
}