{
	"credit": "Created by Mickey Joe and CYKLOPPS for the Barely Default Datapack",
	"parent": "block/block",
	"textures": {
		"top": "barely_default:block/big_beak_egg_top",
		"east": "barely_default:block/big_beak_egg_east",
		"bottom": "barely_default:block/big_beak_egg_bottom",
		"particle": "barely_default:block/big_beak_egg_north"
	},
	"elements": [
		{
			"from": [3, 0, 4],
			"to": [13, 12, 12],
			"faces": {
				"north": {"uv": [0, 0, 10, 12], "texture": "#particle"},
				"east": {"uv": [0, 0, 8, 12], "texture": "#east"},
				"south": {"uv": [0, 0, 10, 12], "texture": "#particle"},
				"west": {"uv": [0, 0, 8, 12], "texture": "#east"},
				"up": {"uv": [0, 0, 10, 8], "texture": "#top"},
				"down": {"uv": [0, 0, 10, 8], "texture": "#bottom"}
			}
		}
	],
	"display": {
		"fixed": {
			"translation": [0, 1.5, -2],
			"scale": [0.75, 0.75, 0.75]
		}
	}
}